StartDate,EndDate,Progress,Duration (in seconds),Finished,RecordedDate,UserLanguage,PPTID,Condition,Visit,Age,Gender,Gender_4_TEXT,Transgender,Race,Race_6_TEXT,Race_7_TEXT,Ethnicity,Income,Edu,FI_1,FI_2,FI_3,AD_1,AD_1a,AD_2,AD_3,AD_4,AD_5,AD_5a,Children,CH_1,CH_2,CH_3,CH_4,CH_5,CH_5a,CH_6,CH_7
Start Date,End Date,Progress,Duration (in seconds),Finished,Recorded Date,User Language,Participant ID (XXX),Condition,Which participant visit is this?,What is your age?,What is your gender? (check all that apply) - Selected Choice,What is your gender? (check all that apply) - I use another term/ Option not listed - Text,Do you identify as transgender?,What is your race? (check all that apply) - Selected Choice,What is your race? (check all that apply) - More than One Race (please specify): - Text,What is your race? (check all that apply) - Other (please specify): - Text,Are you Hispanic or Latino/a/x?,"How much did you earn before taxes and other deductions, during the past 12 months?",What is the highest level of education you have completed?,"""(I/We) worried whether (my/our) food would run out before (I/we) got money to buy more."" Was that often true, sometimes true, or never true for (you/your household) in the last 12 months?","""The food that (I/we) bought just didn’t last, and (I/we) didn’t have money to get more."" Was that often, sometimes, or never true for (you/your household) in the last 12 months?","""(I/we) couldn’t afford to eat balanced meals."" Was that often, sometimes, or never true for (you/your household) in the last 12 months?","In the last 12 months, did (you/you or other adults in your household) ever cut the size of your meals or skip meals because there wasn't enough money for food?","How often did this happen—almost every month, some months but not every month, or in only 1 or 2 months?","In the last 12 months, did you ever eat less than you felt you should because there wasn't enough money for food?","In the last 12 months, were you ever hungry but didn't eat because there wasn't enough money for food?","In the last 12 months, did you lose weight because there wasn't enough money for food?","In the last 12 months, did (you/you or other adults in your household) ever not eat for a whole day because there wasn't enough money for food?","How often did this happen—almost every month, some months but not every month, or in only 1 or 2 months?",Do you have any children under age 18?,"“(I/we) relied on only a few kinds of low-cost food to feed (my/our) child/the children) because (I was/we were) running out of money to buy food.” Was that often, sometimes, or never true for (you/your household) in the last 12 months?","“(I/We) couldn’t feed (my/our) child/the children) a balanced meal, because (I/we) couldn’t afford that.” Was that often, sometimes, or never true for (you/your household) in the last 12 months?","""(My/Our child was/The children were) not eating enough because (I/we) just couldn't afford enough food."" Was that often, sometimes, or never true for (you/your household) in the last 12 months?","In the last 12 months, did you ever cut the size of (your child's/any of the children's) meals because there wasn't enough money for food?","In the last 12 months, did (your child/any of the children) ever skip meals because there wasn't enough money for food?","How often did this happen—almost every month, some months but not every month, or in only 1 or 2 months?","In the last 12 months, (was your child/were the children) ever hungry but you just couldn't afford more food?","In the last 12 months, did (your child/any of the children) ever not eat for a whole day because there wasn't enough money for food?"
"{""ImportId"":""startDate"",""timeZone"":""America/Denver""}","{""ImportId"":""endDate"",""timeZone"":""America/Denver""}","{""ImportId"":""progress""}","{""ImportId"":""duration""}","{""ImportId"":""finished""}","{""ImportId"":""recordedDate"",""timeZone"":""America/Denver""}","{""ImportId"":""userLanguage""}","{""ImportId"":""QID10_TEXT""}","{""ImportId"":""QID11""}","{""ImportId"":""QID139""}","{""ImportId"":""QID16_TEXT""}","{""ImportId"":""QID2""}","{""ImportId"":""QID2_4_TEXT""}","{""ImportId"":""QID3""}","{""ImportId"":""QID4""}","{""ImportId"":""QID4_9_TEXT""}","{""ImportId"":""QID4_8_TEXT""}","{""ImportId"":""QID320""}","{""ImportId"":""QID265""}","{""ImportId"":""QID266""}","{""ImportId"":""QID299""}","{""ImportId"":""QID300""}","{""ImportId"":""QID301""}","{""ImportId"":""QID302""}","{""ImportId"":""QID303""}","{""ImportId"":""QID304""}","{""ImportId"":""QID305""}","{""ImportId"":""QID306""}","{""ImportId"":""QID307""}","{""ImportId"":""QID308""}","{""ImportId"":""QID309""}","{""ImportId"":""QID311""}","{""ImportId"":""QID312""}","{""ImportId"":""QID313""}","{""ImportId"":""QID314""}","{""ImportId"":""QID315""}","{""ImportId"":""QID316""}","{""ImportId"":""QID317""}","{""ImportId"":""QID318""}"
2021-10-25 13:53:55,2021-10-25 15:18:16,100,5061,1,2021-10-25 15:18:17,EN,0,2,1,19,2,,2,1,,,,,,,,,,,,,,,,,,,,,,,,
2021-10-26 13:49:23,2021-10-26 15:02:13,100,4370,1,2021-10-26 15:02:15,EN,0,1,1,19,2,,2,3,,,,,,,,,,,,,,,,,,,,,,,,
2021-10-28 13:54:14,2021-10-28 15:17:39,100,5005,1,2021-10-28 15:17:40,EN,0,2,2,21,2,,2,2,,,,,,,,,,,,,,,,,,,,,,,,
2021-10-28 18:24:12,2021-10-28 18:25:31,100,78,1,2021-10-28 18:25:32,EN,0,2,1,,,,,,,,,,,,,,,,,,,,,,,,,,,,,
2021-10-29 13:51:59,2021-10-29 15:10:19,100,4700,1,2021-10-29 15:10:20,EN,0,2,1,21,2,,2,1,,,,,,,,,,,,,,,,,,,,,,,,
2021-11-01 14:02:18,2021-11-01 15:18:09,100,4550,1,2021-11-01 15:18:09,EN,0,2,1,20,2,,2,"2,4",,,,,,,,,,,,,,,,,,,,,,,,
2021-10-25 15:49:23,2021-10-25 17:15:00,92,5137,0,2021-11-01 17:15:05,EN,0,2,1,20,2,,2,"2,4",,,,,,,,,,,,,,,,,,,,,,,,
2021-10-25 17:54:41,2021-10-25 19:09:59,89,4518,0,2021-11-01 19:10:00,EN,0,2,2,21,2,,2,2,,,,,,,,,,,,,,,,,,,,,,,,
2021-11-02 14:06:45,2021-11-02 15:19:52,100,4387,1,2021-11-02 15:19:53,EN,0,1,2,19,2,,2,3,,,,,,,,,,,,,,,,,,,,,,,,
2021-10-27 16:02:16,2021-10-27 17:56:50,51,6874,0,2021-11-03 17:56:51,EN,0,2,1,19,2,,2,2,,,,,,,,,,,,,,,,,,,,,,,,
2021-10-28 15:53:17,2021-10-28 17:25:56,91,5559,0,2021-11-04 17:25:57,EN,0,2,2,21,2,,2,2,,,,,,,,,,,,,,,,,,,,,,,,
2021-10-29 16:01:41,2021-10-29 17:20:59,47,4757,0,2021-11-05 17:31:01,EN,0,2,1,19,2,,2,2,,,,,,,,,,,,,,,,,,,,,,,,
2021-11-08 13:56:45,2021-11-08 15:32:14,100,5729,1,2021-11-08 15:32:15,EN,0,2,1,22,2,,2,3,,,,,,,,,,,,,,,,,,,,,,,,
2021-11-01 15:54:34,2021-11-01 17:20:28,83,5154,0,2021-11-08 16:20:29,EN,0,2,1,19,2,,2,1,,,,,,,,,,,,,,,,,,,,,,,,
2021-11-08 15:35:27,2021-11-08 17:33:47,100,7100,1,2021-11-08 17:33:48,EN,0,2,1,18,2,,2,1,,,,,,,,,,,,,,,,,,,,,,,,
2021-11-01 17:56:20,2021-11-01 19:20:30,83,5049,0,2021-11-08 18:20:31,EN,0,2,2,21,1,,2,2,,,,,,,,,,,,,,,,,,,,,,,,
2021-11-08 17:45:17,2021-11-08 19:00:18,100,4500,1,2021-11-08 19:00:19,EN,0,2,2,21,2,,2,2,,,,,,,,,,,,,,,,,,,,,,,,
2021-11-09 13:55:58,2021-11-09 15:26:30,100,5431,1,2021-11-09 15:26:30,EN,0,2,2,21 Years,1,,2,4,,,,,,,,,,,,,,,,,,,,,,,,
2021-11-03 16:03:17,2021-11-03 16:31:27,47,1689,0,2021-11-10 15:31:28,EN,0,2,1,,,,,,,,,,,,,,,,,,,,,,,,,,,,,
2021-11-12 16:02:16,2021-11-12 17:39:20,100,5824,1,2021-11-12 17:39:21,EN,0,2,2,21,2,,2,4,,,,,,,,,,,,,,,,,,,,,,,,
2021-11-15 15:43:05,2021-11-15 17:34:28,100,6683,1,2021-11-15 17:34:29,EN,0,2,2,19,2,,2,2,,,,,,,,,,,,,,,,,,,,,,,,
2021-11-15 17:45:07,2021-11-15 19:20:30,100,5722,1,2021-11-15 19:20:31,EN,0,2,1,22,2,,2,2,,,,,,,,,,,,,,,,,,,,,,,,
2021-11-16 13:33:54,2021-11-16 15:23:41,100,6586,1,2021-11-16 15:23:41,EN,0,2,2,19,2,,2,4,,,,,,,,,,,,,,,,,,,,,,,,
2021-11-18 13:46:44,2021-11-18 15:34:43,100,6479,1,2021-11-18 15:34:44,EN,0,2,1,19,2,,2,2,,,,,,,,,,,,,,,,,,,,,,,,
2021-11-19 13:45:07,2021-11-19 15:28:22,100,6194,1,2021-11-19 15:28:22,EN,0,2,1,18,2,,2,2,,,,,,,,,,,,,,,,,,,,,,,,
2021-11-22 15:41:30,2021-11-22 17:26:28,100,6298,1,2021-11-22 17:26:29,EN,0,2,2,19,2,,2,"3,4",,,,,,,,,,,,,,,,,,,,,,,,
2021-11-22 17:31:19,2021-11-22 19:23:28,100,6728,1,2021-11-22 19:23:28,EN,0,2,2,21,1,,2,4,,,,,,,,,,,,,,,,,,,,,,,,
2021-11-19 15:47:24,2021-11-19 17:20:40,35,5595,0,2021-11-26 17:20:40,EN,0,2,1,21,2,,2,2,,,,,,,,,,,,,,,,,,,,,,,,
2021-11-29 13:42:04,2021-11-29 15:35:42,100,6817,1,2021-11-29 15:35:42,EN,0,2,2,19,2,,2,7,,,,,,,,,,,,,,,,,,,,,,,,
2021-11-29 15:41:35,2021-11-29 17:22:43,100,6067,1,2021-11-29 17:22:43,EN,0,2,1,19,2,,2,4,,,,,,,,,,,,,,,,,,,,,,,,
2021-11-29 17:46:57,2021-11-29 19:28:26,100,6088,1,2021-11-29 19:28:27,EN,0,1,2,20,1,,2,4,,,,,,,,,,,,,,,,,,,,,,,,
2021-11-23 13:24:15,2021-11-23 13:56:39,2,1943,0,2021-11-30 13:56:39,EN,0,2,2,,,,,,,,,,,,,,,,,,,,,,,,,,,,,
2021-11-30 13:38:45,2021-11-30 15:21:00,100,6135,1,2021-11-30 15:21:00,EN,0,1,2,21,2,,2,4,,,,,,,,,,,,,,,,,,,,,,,,
2021-12-02 13:46:44,2021-12-02 15:34:11,100,6446,1,2021-12-02 15:34:11,EN,0,2,1,21,1,,2,2,,,,,,,,,,,,,,,,,,,,,,,,
2021-12-02 15:44:53,2021-12-02 17:19:48,100,5695,1,2021-12-02 17:19:49,EN,0,2,1,22,1,,2,3,,,,,,,,,,,,,,,,,,,,,,,,
2022-02-03 14:01:55,2022-02-03 15:29:39,100,5264,1,2022-02-03 15:29:40,EN,0,2,1,22,1,,2,3,,,,6,5,,,,,,,,,,,,,,,,,,,
2022-02-03 15:34:28,2022-02-03 17:32:39,100,7091,1,2022-02-03 17:32:40,EN,0,2,2,99,1,,2,3,,,,6,5,,,,,,,,,,,,,,,,,,,
2022-02-07 13:57:10,2022-02-07 15:31:07,100,5636,1,2022-02-07 15:31:08,EN,0,2,1,22,2,,2,3,,,,5,5,,,,,,,,,,,,,,,,,,,
2022-02-07 15:58:25,2022-02-07 17:09:39,100,4273,1,2022-02-07 17:09:40,EN,99,2,1,99,1,,2,3,,,,6,5,,,,,,,,,,,,,,,,,,,
2022-02-07 18:01:39,2022-02-07 19:09:18,100,4058,1,2022-02-07 19:09:18,EN,0,2,1,99,1,,2,3,,,,6,5,,,,,,,,,,,,,,,,,,,
2022-02-08 14:03:36,2022-02-08 15:22:14,100,4717,1,2022-02-08 15:22:14,EN,0,2,1,,,,,,,,,,,,,,,,,,,,,,,,,,,,,
2022-02-08 16:05:39,2022-02-08 17:19:23,100,4424,1,2022-02-08 17:19:24,EN,0,2,1,99,,,,,,,,,,,,,,,,,,,,,,,,,,,,
2022-02-09 13:49:02,2022-02-09 16:03:33,100,8070,1,2022-02-09 16:03:33,EN,0,1,1,19,1,,2,2,,,,10,2,,,,,,,,,,,,,,,,,,,
2022-02-10 14:01:43,2022-02-10 15:20:19,100,4715,1,2022-02-10 15:20:19,EN,0,2,2,99,,,2,3,,,,,,,,,,,,,,,,,,,,,,,,
2022-02-10 16:03:56,2022-02-10 17:13:45,100,4189,1,2022-02-10 17:13:46,EN,0,1,1,19,2,,2,3,,,,10,7,,,,,,,,,,,,,,,,,,,
2022-02-10 18:08:12,2022-02-10 19:15:08,100,4016,1,2022-02-10 19:15:09,EN,0,1,1,99,,,,3,,,,,,,,,,,,,,,,,,,,,,,,
2022-02-03 17:32:48,2022-02-07 12:50:25,92,328656,0,2022-02-14 12:50:38,EN,0,2,1,99,1,,2,3,,,,6,5,,,,,,,,,,,,,,,,,,,
2022-02-14 14:06:12,2022-02-14 15:26:14,100,4801,1,2022-02-14 15:26:14,EN,0,1,1,19,2,,2,2,,,,1,2,,,,,,,,,,,,,,,,,,,
2022-02-15 15:59:50,2022-02-15 16:01:50,100,120,1,2022-02-15 16:01:51,EN,0,2,1,99,1,,2,3,,,,6,5,,,,,,,,,,,,,,,,,,,
2022-02-14 15:58:39,2022-02-16 12:28:00,100,160160,1,2022-02-16 12:28:00,EN,0,1,1,21,2,,2,1,,,,2,3,,,,,,,,,,,,,,,,,,,
2022-02-28 14:02:39,2022-02-28 15:27:56,100,5116,1,2022-02-28 15:27:56,EN,0,1,2,21,1,,2,2,,,,5,3,,,,,,,,,,,,,,,,,,,
2022-02-28 15:58:59,2022-02-28 17:23:43,100,5084,1,2022-02-28 17:23:44,EN,0,2,1,21,1,,2,2,,,,5,5,,,,,,,,,,,,,,,,,,,
2022-02-28 17:56:31,2022-02-28 19:19:59,100,5007,1,2022-02-28 19:20:00,EN,0,2,1,99,,,,3,,,,,,,,,,,,,,,,,,,,,,,,
2022-02-28 19:52:49,2022-02-28 19:54:33,100,103,1,2022-02-28 19:54:33,EN,99,2,1,,,,,,,,,,,,,,,,,,,,,,,,,,,,,
2022-03-01 13:59:44,2022-03-01 15:32:03,100,5539,1,2022-03-01 15:32:04,EN,0,2,1,99,1,,,3,,,,,,,,,,,,,,,,,,,,,,,,
2022-03-01 15:54:16,2022-03-01 17:28:54,100,5678,1,2022-03-01 17:28:55,EN,0,2,2,99,1,,,3,,,,,,,,,,,,,,,,,,,,,,,,
2022-03-02 14:05:00,2022-03-02 15:51:18,100,6377,1,2022-03-02 15:51:19,EN,0,2,2,19,2,,2,7,,,,1,3,,,,,,,,,,,,,,,,,,,
2022-03-02 15:58:09,2022-03-02 17:47:37,100,6568,1,2022-03-02 17:47:38,EN,0,2,2,18,1,,2,2,,,,10,3,,,,,,,,,,,,,,,,,,,
2022-03-02 17:50:54,2022-03-04 15:26:12,100,164117,1,2022-03-04 15:26:13,EN,0,2,1,99,1,,2,3,,,,,,,,,,,,,,,,,,,,,,,,
2022-03-04 15:37:09,2022-03-04 15:39:30,100,141,1,2022-03-04 15:39:31,EN,0,2,1,99,1,,,3,,,,,,,,,,,,,,,,,,,,,,,,
2022-03-04 17:34:54,2022-03-04 18:57:39,100,4965,1,2022-03-04 18:57:40,EN,0,1,1,99,,,,3,,,,,,,,,,,,,,,,,,,,,,,,
2022-03-07 13:49:01,2022-03-07 15:29:21,100,6019,1,2022-03-07 15:29:21,EN,0,1,2,27,2,,2,1,,,,2,4,,,,,,,,,,,,,,,,,,,
2022-03-07 16:00:42,2022-03-07 17:37:24,100,5802,1,2022-03-07 17:37:24,EN,0,1,2,20,1,,2,2,,,,2,3,,,,,,,,,,,,,,,,,,,
2022-03-08 14:04:41,2022-03-08 15:34:32,100,5390,1,2022-03-08 15:34:32,EN,0,2,2,19,2,,2,"1,2",,,,10,2,,,,,,,,,,,,,,,,,,,
2022-03-08 16:01:21,2022-03-08 17:37:28,100,5766,1,2022-03-08 17:37:28,EN,0,2,2,99,1,,2,3,,,,6,5,,,,,,,,,,,,,,,,,,,
2022-03-10 14:02:57,2022-03-10 15:40:22,100,5844,1,2022-03-10 15:40:22,EN,0,2,1,20,1,,2,4,,,,1,3,,,,,,,,,,,,,,,,,,,
2022-03-10 18:02:01,2022-03-10 19:16:22,100,4460,1,2022-03-10 19:16:22,EN,0,2,2,99,1,,,3,,,,,,,,,,,,,,,,,,,,,,,,
2022-03-11 13:58:39,2022-03-11 15:47:39,100,6540,1,2022-03-11 15:47:40,EN,0,2,1,20,2,,2,2,,,,1,3,,,,,,,,,,,,,,,,,,,
2022-03-04 17:31:39,2022-03-04 17:34:46,93,186,0,2022-03-11 17:34:48,EN,99,2,1,99,2,,,3,,,,,,,,,,,,,,,,,,,,,,,,
2022-03-07 18:05:39,2022-03-07 19:25:30,80,4790,0,2022-03-14 20:25:32,EN,0,2,2,,2,,2,7,,,,3,3,,,,,,,,,,,,,,,,,,,
2022-03-10 16:02:49,2022-03-10 16:52:39,58,2989,0,2022-03-17 17:52:47,EN,0,2,1,18,1,,2,2,,,,1,3,,,,,,,,,,,,,,,,,,,
2022-03-28 13:44:11,2022-03-28 15:30:13,100,6362,1,2022-03-28 15:30:13,EN,1,1,1,20,1,,2,4,,,,1,3,3,3,3,2,,2,2,2,2,,2,,,,,,,,
2022-03-28 17:46:49,2022-03-28 19:31:53,100,6303,1,2022-03-28 19:31:53,EN,2,1,1,22,1,,2,2,,,,1,2,3,3,3,2,,2,2,2,2,,2,,,,,,,,
2022-03-29 13:53:45,2022-03-29 15:31:50,100,5884,1,2022-03-29 15:31:50,EN,3,1,1,37,2,,2,2,,,,9,7,3,3,3,2,,2,2,2,2,,1,3,3,3,3,3,,2,2
2022-03-29 17:49:13,2022-03-29 19:33:07,100,6234,1,2022-03-29 19:33:08,EN,4,1,1,,2,,2,4,,,,5,3,3,3,3,2,,2,2,2,2,,2,,,,,,,,
2022-03-30 15:47:51,2022-03-30 17:38:43,100,6652,1,2022-03-30 17:38:44,EN,5,1,1,19,2,,2,2,,,,1,2,3,3,3,2,,2,2,2,2,,2,,,,,,,,
2022-03-30 17:41:06,2022-03-30 19:40:48,100,7181,1,2022-03-30 19:40:49,EN,6,2,1,21,2,,2,2,,,,1,2,3,3,3,2,,2,2,2,2,,2,,,,,,,,
2022-03-31 15:52:45,2022-03-31 17:36:29,100,6224,1,2022-03-31 17:36:30,EN,7,2,1,20,2,,2,2,,,,1,3,3,3,3,2,,2,2,2,2,,2,,,,,,,,
2022-03-31 17:44:06,2022-03-31 19:25:42,100,6095,1,2022-03-31 19:25:43,EN,8,1,1,20,2,,2,2,,,,1,2,3,3,3,2,,2,2,2,2,,2,,,,,,,,
2022-04-01 15:55:55,2022-04-01 17:45:09,100,6553,1,2022-04-01 17:45:10,EN,9,2,1,20,1,,2,2,,,,1,3,3,3,2,2,,2,2,2,2,,2,,,,,,,,
2022-04-04 13:56:10,2022-04-04 15:32:39,100,5788,1,2022-04-04 15:32:39,EN,10,2,1,20,2,,2,2,,,,6,2,3,3,3,2,,2,2,2,2,,2,,,,,,,,
2022-04-04 15:58:59,2022-04-04 17:51:31,100,6752,1,2022-04-04 17:51:32,EN,11,1,1,21,2,,2,2,,,,2,2,3,3,3,2,,2,2,2,2,,2,,,,,,,,
2022-04-04 18:00:02,2022-04-04 19:44:59,100,6297,1,2022-04-04 19:45:00,EN,12,1,1,21,1,,2,2,,,,1,3,3,3,3,2,,2,2,2,2,,2,,,,,,,,
2022-04-05 15:55:28,2022-04-05 17:39:44,100,6256,1,2022-04-05 17:39:45,EN,13,2,1,20,1,,2,2,,,,4,3,3,3,3,2,,2,2,2,2,,2,,,,,,,,
2022-04-06 15:53:59,2022-04-06 17:49:11,100,6911,1,2022-04-06 17:49:11,EN,14,2,1,21,2,,2,2,,,,1,3,3,3,3,2,,2,2,2,2,,2,,,,,,,,
2022-04-06 17:56:21,2022-04-06 19:43:22,100,6420,1,2022-04-06 19:43:22,EN,15,1,1,22,2,,2,4,,,,1,3,3,3,3,2,,2,2,2,2,,2,,,,,,,,
2022-04-07 15:54:51,2022-04-07 17:43:24,100,6512,1,2022-04-07 17:43:24,EN,16,2,1,19,2,,2,2,,,,1,3,3,3,3,2,,2,2,2,2,,2,,,,,,,,
2022-04-07 18:18:11,2022-04-07 19:32:03,100,4432,1,2022-04-07 19:32:03,EN,17,1,1,20,1,,2,3,,,,1,3,3,3,3,2,,1,1,2,2,,2,,,,,,,,
2022-04-11 17:53:34,2022-04-11 19:33:04,100,5970,1,2022-04-11 19:33:05,EN,19,1,1,21,2,,2,2,,,,1,4,3,3,3,1,3,1,2,2,2,,2,,,,,,,,
2022-04-02 18:05:47,2022-04-04 21:50:06,89,186259,0,2022-04-11 21:50:14,EN,"1,0000000",2,1,"1,0000000",2,,2,"1,2,3,4,5,7",,,,9,7,,,,,,,,,,,,,,,,,,,
2022-04-12 15:52:20,2022-04-12 17:41:53,100,6573,1,2022-04-12 17:41:54,EN,20,2,1,21,1,,2,2,,,,2,3,3,3,3,2,,2,2,2,2,,2,,,,,,,,
2022-04-12 17:44:34,2022-04-12 19:24:01,100,5966,1,2022-04-12 19:24:01,EN,21,1,1,19,1,,2,2,,,,2,3,3,3,3,2,,2,2,2,2,,2,,,,,,,,
2022-04-13 13:43:16,2022-04-13 15:42:56,100,7179,1,2022-04-13 15:42:56,EN,18,2,1,,2,,2,"2,4",,,,1,3,3,3,3,2,,2,2,2,2,,2,,,,,,,,
2022-04-06 15:51:35,2022-04-06 15:53:38,2,122,0,2022-04-13 15:53:45,EN,14,2,1,,,,,,,,,,,,,,,,,,,,,,,,,,,,,
2022-04-14 13:53:17,2022-04-14 15:33:42,100,6025,1,2022-04-14 15:33:43,EN,23,2,1,19,2,,2,4,,,,1,3,3,3,3,2,,2,2,2,2,,2,,,,,,,,
2022-04-14 15:53:00,2022-04-14 17:25:37,100,5557,1,2022-04-14 17:25:37,EN,24,2,1,19,1,,2,2,,,,2,3,3,3,3,2,,2,2,2,2,,2,,,,,,,,
2022-04-07 17:49:40,2022-04-07 17:57:32,2,472,0,2022-04-14 17:57:33,EN,17,1,1,,,,,,,,,,,,,,,,,,,,,,,,,,,,,
2022-04-07 17:57:38,2022-04-07 18:15:24,3,1065,0,2022-04-14 18:59:30,EN,17,1,1,,,,,,,,,,,,,,,,,,,,,,,,,,,,,
2022-04-14 17:46:50,2022-04-14 19:43:05,100,6974,1,2022-04-14 19:43:06,EN,22,1,1,18,1,,2,4,,,,2,2,3,3,3,2,,2,2,2,2,,2,,,,,,,,
2022-04-08 15:56:48,2022-04-08 16:11:50,2,901,0,2022-04-15 16:48:40,EN,18,2,1,,,,,,,,,,,,,,,,,,,,,,,,,,,,,
2022-04-18 15:44:11,2022-04-18 17:26:07,100,6116,1,2022-04-18 17:26:07,EN,26,1,1,19,2,,2,2,,,,1,3,2,2,2,1,3,1,1,1,1,2,2,,,,,,,,
2022-04-18 17:49:46,2022-04-18 19:18:57,100,5351,1,2022-04-18 19:18:58,EN,27,1,1,,2,,2,2,,,,10,2,3,3,3,2,,2,2,2,2,,2,,,,,,,,
2022-04-19 15:53:07,2022-04-19 17:40:46,100,6458,1,2022-04-19 17:40:46,EN,29,2,1,19,1,,2,4,,,,2,3,3,3,3,2,,2,2,2,2,,2,,,,,,,,
2022-04-19 17:46:33,2022-04-19 19:36:52,100,6619,1,2022-04-19 19:36:53,EN,30,2,1,20,1,,2,4,,,,1,3,3,3,2,2,,1,2,1,2,,2,,,,,,,,
2022-04-20 15:51:23,2022-04-20 17:28:46,100,5843,1,2022-04-20 17:28:47,EN,28,1,1,21,1,,2,2,,,,1,2,3,3,3,2,,2,2,2,2,,2,,,,,,,,
2022-04-13 17:47:37,2022-04-13 18:17:27,2,1790,0,2022-04-20 18:17:32,EN,22,1,1,,,,,,,,,,,,,,,,,,,,,,,,,,,,,
2022-04-21 13:49:42,2022-04-21 15:44:29,100,6887,1,2022-04-21 15:44:30,EN,31,2,1,18,1,,2,2,,,,1,2,3,3,3,2,,2,2,2,2,,2,,,,,,,,
2022-04-21 15:45:20,2022-04-21 17:41:13,100,6952,1,2022-04-21 17:41:16,EN,25,1,1,19,2,,2,"2,4",,,,1,3,3,3,3,2,,2,2,2,2,,2,,,,,,,,
2022-04-21 17:50:22,2022-04-21 19:54:55,100,7473,1,2022-04-21 19:54:55,EN,32,2,1,,1,,2,4,,,,10,3,3,3,3,2,,2,1,2,2,,2,,,,,,,,
2022-04-22 15:48:04,2022-04-22 17:40:41,100,6756,1,2022-04-22 17:40:42,EN,34,1,1,18,2,,2,4,,,,1,2,3,3,3,2,,2,2,2,2,,2,,,,,,,,
2022-04-26 13:49:11,2022-04-26 15:58:42,100,7770,1,2022-04-26 15:58:43,EN,36,2,1,23,1,,2,4,,,,4,4,3,3,3,2,,2,2,2,2,,2,,,,,,,,
2022-04-20 13:51:09,2022-04-20 14:19:43,2,1714,0,2022-04-27 14:19:44,EN,31,2,1,,,,,,,,,,,,,,,,,,,,,,,,,,,,,
2022-04-27 13:50:13,2022-04-27 15:27:09,100,5816,1,2022-04-27 15:27:10,EN,37,1,1,20,2,,2,"3,4",,,,1,4,2,3,2,2,,2,1,2,2,,2,,,,,,,,
2022-04-27 17:45:59,2022-04-27 19:41:21,100,6922,1,2022-04-27 19:41:22,EN,5,2,2,19,2,,2,2,,,,1,2,,,,,,,,,,,,,,,,,,,
2022-04-22 13:56:31,2022-04-22 15:47:44,3,6673,0,2022-04-29 15:48:17,EN,33,2,1,,,,,,,,,,,,,,,,,,,,,,,,,,,,,
2022-04-30 18:01:58,2022-04-30 19:52:16,100,6618,1,2022-04-30 19:52:17,EN,33,1,1,19,1,,2,2,,,,1,3,3,3,3,2,,2,2,2,2,,2,,,,,,,,
2022-04-24 15:48:35,2022-04-24 16:53:03,46,3867,0,2022-05-01 16:53:04,EN,36,2,1,19,2,,2,4,,,,1,2,2,3,3,2,,2,2,2,2,,2,,,,,,,,
2022-05-01 17:50:10,2022-05-01 19:40:05,100,6594,1,2022-05-01 19:40:05,EN,35,2,1,19,2,,2,"2,4",,,,1,3,3,3,3,2,,2,2,2,2,,2,,,,,,,,
2022-04-25 13:56:56,2022-04-25 14:26:38,2,1782,0,2022-05-02 14:26:51,EN,35,2,1,,,,,,,,,,,,,,,,,,,,,,,,,,,,,
2022-05-02 15:42:01,2022-05-02 17:40:48,100,7126,1,2022-05-02 17:40:49,EN,9,1,2,20,1,,2,2,,,,2,2,,,,,,,,,,,,,,,,,,,
2022-04-25 17:54:03,2022-04-25 18:21:04,2,1621,0,2022-05-02 18:21:10,EN,33,2,1,,,,,,,,,,,,,,,,,,,,,,,,,,,,,
2022-05-03 15:59:10,2022-05-03 17:52:14,100,6784,1,2022-05-03 17:52:15,EN,7,1,2,,2,,2,2,,,,1,2,,,,,,,,,,,,,,,,,,,
2022-05-04 13:46:38,2022-05-04 15:44:49,100,7091,1,2022-05-04 15:44:50,EN,38,2,1,21,2,,2,2,,,,1,3,3,3,3,2,,2,2,2,2,,2,,,,,,,,
2022-05-04 15:51:34,2022-05-04 17:20:53,100,5359,1,2022-05-04 17:20:54,EN,13,1,2,20,1,,2,2,,,,4,3,,,,,,,,,,,,,,,,,,,
2022-05-04 17:20:57,2022-05-04 19:41:35,100,8437,1,2022-05-04 19:41:36,EN,12,2,2,21,1,,2,2,,,,1,3,,,,,,,,,,,,,,,,,,,
2022-05-05 13:54:26,2022-05-05 15:43:56,100,6570,1,2022-05-05 15:43:57,EN,3,2,2,38,2,,2,2,,,,9,7,,,,,,,,,,,,,,,,,,,
2022-05-05 15:46:31,2022-05-05 17:38:03,100,6691,1,2022-05-05 17:38:04,EN,16,1,2,19,2,,2,2,,,,1,3,,,,,,,,,,,,,,,,,,,
2022-04-28 17:51:11,2022-04-28 18:16:53,2,1541,0,2022-05-05 18:16:57,EN,33,2,1,,,,,,,,,,,,,,,,,,,,,,,,,,,,,
2022-05-05 17:38:25,2022-05-05 19:42:51,100,7466,1,2022-05-05 19:42:52,EN,2,2,2,22,1,,2,2,,,,1,4,,,,,,,,,,,,,,,,,,,
2022-04-29 15:50:22,2022-04-29 16:18:58,2,1716,0,2022-05-06 16:21:58,EN,6,1,2,,,,,,,,,,,,,,,,,,,,,,,,,,,,,
2022-05-06 15:48:46,2022-05-06 17:28:47,100,6000,1,2022-05-06 17:28:48,EN,8,2,2,-2,2,,2,2,,,,1,2,,,,,,,,,,,,,,,,,,,
2022-05-09 13:58:41,2022-05-09 15:37:50,100,5948,1,2022-05-09 15:37:51,EN,1,2,2,20,1,,2,4,,,,1,2,,,,,,,,,,,,,,,,,,,
2022-05-09 15:48:15,2022-05-09 17:31:45,100,6210,1,2022-05-09 17:31:46,EN,10,1,2,,2,,2,2,,,,10,2,,,,,,,,,,,,,,,,,,,
2022-05-09 17:52:04,2022-05-09 19:32:12,100,6007,1,2022-05-09 19:32:12,EN,19,2,2,21,2,,2,2,,,,1,4,,,,,,,,,,,,,,,,,,,
2022-05-10 13:59:35,2022-05-10 15:37:28,100,5873,1,2022-05-10 15:37:29,EN,39,2,1,27,1,,2,3,,,,4,4,3,3,3,2,,2,2,2,2,,2,,,,,,,,
2022-05-10 15:45:10,2022-05-10 18:04:19,100,8348,1,2022-05-10 18:04:19,EN,11,2,2,21,2,,2,2,,,,2,2,,,,,,,,,,,,,,,,,,,
2022-05-10 18:04:35,2022-05-10 19:45:40,100,6065,1,2022-05-10 19:45:41,EN,15,2,2,22,2,,2,4,,,,1,3,,,,,,,,,,,,,,,,,,,
2022-05-11 13:56:21,2022-05-11 15:53:02,100,7001,1,2022-05-11 15:53:03,EN,40,1,1,21,2,,2,2,,,2,1,5,3,3,3,1,3,2,2,2,2,,2,,,,,,,,
2022-05-11 15:53:06,2022-05-11 17:26:30,100,5603,1,2022-05-11 17:26:30,EN,14,1,2,21,2,,2,2,,,2,1,3,,,,,,,,,,,,,,,,,,,
2022-05-11 17:26:33,2022-05-11 19:27:14,100,7241,1,2022-05-11 19:27:15,EN,17,2,2,20,1,,2,4,,,1,1,3,,,,,,,,,,,,,,,,,,,
2022-05-12 13:52:41,2022-05-12 15:22:39,100,5398,1,2022-05-12 15:22:40,EN,23,1,2,19,2,,2,4,,,2,1,3,,,,,,,,,,,,,,,,,,,
2022-05-13 13:57:57,2022-05-13 15:38:08,100,6011,1,2022-05-13 15:38:09,EN,18,1,2,18,2,,2,"2,4",,,2,1,3,,,,,,,,,,,,,,,,,,,
2022-05-14 15:58:57,2022-05-14 17:49:24,100,6627,1,2022-05-14 17:49:25,EN,42,1,1,19,2,,2,2,,,2,1,3,3,3,3,2,,2,2,2,2,,2,,,,,,,,
2022-05-15 15:53:44,2022-05-15 17:30:53,100,5829,1,2022-05-15 17:30:53,EN,24,1,2,19,1,,2,2,,,2,2,3,,,,,,,,,,,,,,,,,,,
2022-05-16 13:59:21,2022-05-16 15:33:53,100,5671,1,2022-05-16 15:33:54,EN,20,1,2,,1,,2,2,,,2,2,3,,,,,,,,,,,,,,,,,,,
2022-05-16 15:49:33,2022-05-16 17:40:49,100,6676,1,2022-05-16 17:40:49,EN,22,2,2,19,1,,2,4,,,2,2,3,,,,,,,,,,,,,,,,,,,
2022-05-18 13:58:22,2022-05-18 15:32:53,100,5670,1,2022-05-18 15:32:53,EN,25,2,2,19,2,,2,6,"White, Asian",,2,1,3,,,,,,,,,,,,,,,,,,,
2022-05-18 15:38:38,2022-05-18 17:32:17,100,6818,1,2022-05-18 17:32:17,EN,26,2,2,19,2,,2,2,,,2,1,3,,,,,,,,,,,,,,,,,,,
2022-05-19 13:52:29,2022-05-19 15:41:42,100,6552,1,2022-05-19 15:41:42,EN,28,2,2,21,1,,2,2,,,2,1,2,,,,,,,,,,,,,,,,,,,
2022-05-12 15:23:33,2022-05-12 15:44:40,2,1266,0,2022-05-19 15:48:05,EN,20,1,2,,,,,,,,,,,,,,,,,,,,,,,,,,,,,
2022-05-19 15:50:59,2022-05-19 17:28:35,100,5856,1,2022-05-19 17:28:35,EN,29,1,2,19,1,,2,4,,,2,2,3,,,,,,,,,,,,,,,,,,,
2022-05-19 17:53:01,2022-05-19 19:18:54,100,5152,1,2022-05-19 19:18:55,EN,30,1,2,20,1,,2,4,,,2,1,2,,,,,,,,,,,,,,,,,,,
2022-05-13 15:53:13,2022-05-13 16:17:26,2,1453,0,2022-05-20 16:17:29,EN,41,1,1,,,,,,,,,,,,,,,,,,,,,,,,,,,,,
2022-05-20 15:38:52,2022-05-20 17:32:03,100,6790,1,2022-05-20 17:32:04,EN,34,2,2,19,2,,2,4,,,2,10,2,,,,,,,,,,,,,,,,,,,
2022-05-24 13:57:32,2022-05-24 15:40:56,100,6204,1,2022-05-24 15:40:57,EN,36,1,2,23,1,,2,4,,,2,4,4,,,,,,,,,,,,,,,,,,,
2022-05-24 15:46:37,2022-05-24 17:34:58,100,6501,1,2022-05-24 17:34:58,EN,27,2,2,18,2,,2,2,,,2,10,2,,,,,,,,,,,,,,,,,,,
2022-05-18 15:32:56,2022-05-18 15:36:24,2,208,0,2022-05-25 15:36:27,EN,24,2,2,,,,,,,,,,,,,,,,,,,,,,,,,,,,,
2022-05-26 13:52:00,2022-05-26 15:24:59,100,5578,1,2022-05-26 15:24:59,EN,31,1,2,18,1,,2,2,,,2,1,2,,,,,,,,,,,,,,,,,,,
2022-05-27 14:00:02,2022-05-27 15:31:17,100,5474,1,2022-05-27 15:31:18,EN,37,2,2,20,2,,2,4,,,1,1,4,,,,,,,,,,,,,,,,,,,
2022-05-27 15:32:01,2022-05-27 17:40:19,100,7697,1,2022-05-27 17:40:19,EN,33,2,2,19,1,,2,2,,,2,1,3,,,,,,,,,,,,,,,,,,,
2022-05-23 15:53:46,2022-05-23 16:13:58,2,1211,0,2022-05-30 16:13:59,EN,33,1,2,,,,,,,,,,,,,,,,,,,,,,,,,,,,,
2022-06-01 18:04:06,2022-06-01 19:24:49,100,4842,1,2022-06-01 19:24:50,EN,35,1,2,19,2,,2,"2,4",,,2,1,3,,,,,,,,,,,,,,,,,,,
2022-06-03 15:46:21,2022-06-03 17:25:56,100,5974,1,2022-06-03 17:25:56,EN,38,1,2,21,2,,2,2,,,2,10,3,,,,,,,,,,,,,,,,,,,
2022-06-04 13:56:19,2022-06-04 15:24:57,100,5317,1,2022-06-04 15:24:57,EN,39,1,2,27,1,,2,4,,,1,4,4,,,,,,,,,,,,,,,,,,,
2022-06-08 13:58:13,2022-06-08 15:21:23,100,4990,1,2022-06-08 15:21:24,EN,42,2,2,19,2,,2,2,,,2,10,3,,,,,,,,,,,,,,,,,,,
2022-06-08 15:22:18,2022-06-08 17:28:12,100,7553,1,2022-06-08 17:28:13,EN,21,2,2,19,1,,2,2,,,2,2,3,,,,,,,,,,,,,,,,,,,
2022-06-08 17:45:42,2022-06-08 18:20:36,100,2094,1,2022-06-08 18:20:37,EN,0,1,1,,,,,,,,,,,,,,,,,,,,,2,,,,,,,,
2022-06-10 14:04:50,2022-06-10 15:41:33,100,5803,1,2022-06-10 15:41:34,EN,40,2,2,21,2,,2,2,,,2,1,5,,,,,,,,,,,,,,,,,,,
2022-06-06 15:28:54,2022-06-06 15:35:17,2,383,0,2022-06-13 15:35:23,EN,0,2,1,,,,,,,,,,,,,,,,,,,,,,,,,,,,,
2022-06-07 15:45:07,2022-06-07 15:47:07,2,119,0,2022-06-14 15:47:08,EN,0,2,1,,,,,,,,,,,,,,,,,,,,,,,,,,,,,
2022-06-07 18:25:51,2022-06-07 18:30:47,2,296,0,2022-06-14 18:30:54,EN,0,1,1,,,,,,,,,,,,,,,,,,,,,,,,,,,,,
2022-06-09 14:36:56,2022-06-09 14:37:24,2,28,0,2022-06-16 14:39:31,EN,0,2,1,,,,,,,,,,,,,,,,,,,,,,,,,,,,,
2022-06-09 14:39:10,2022-06-09 15:46:13,59,4022,0,2022-06-16 15:46:15,EN,0,2,1,21,2,,2,4,,,2,10,4,4,4,4,2,,2,2,2,2,,2,,,,,,,,
2022-06-09 17:18:35,2022-06-09 17:20:17,2,101,0,2022-06-16 17:20:24,EN,0,1,1,,,,,,,,,,,,,,,,,,,,,,,,,,,,,
2022-06-09 17:24:48,2022-06-09 19:07:20,51,6152,0,2022-06-16 19:07:30,EN,0,2,1,19,1,,2,7,,middle eastern,2,10,2,3,3,3,2,,2,2,2,2,,2,,,,,,,,
2022-06-10 13:56:29,2022-06-10 14:04:44,2,495,0,2022-06-17 14:04:54,EN,42,2,2,,,,,,,,,,,,,,,,,,,,,,,,,,,,,
2022-06-21 15:49:15,2022-06-21 17:23:32,100,5656,1,2022-06-21 17:23:33,EN,43,2,1,44,2,,2,2,,,2,7,5,2,3,2,1,2,1,1,1,2,,2,,,,,,,,
2022-06-21 18:07:05,2022-06-21 19:31:47,100,5081,1,2022-06-21 19:31:48,EN,0,1,1,,,,,,,,,,,,,,,,,,,,,2,,,,,,,,
2022-06-22 13:50:20,2022-06-22 15:31:04,100,6044,1,2022-06-22 15:31:05,EN,41,1,1,63,1,,2,4,,,2,5,5,3,3,3,2,,2,2,2,2,,2,,,,,,,,
2022-06-20 15:53:07,2022-06-20 16:22:39,2,1771,0,2022-06-27 16:23:30,EN,41,1,1,,,,,,,,,,,,,,,,,,,,,,,,,,,,,
2022-06-20 16:23:12,2022-06-20 17:34:58,90,4306,0,2022-06-27 17:35:03,EN,0,1,1,99,1,,2,4,,,1,5,5,2,3,1,1,2,1,1,1,2,,2,,,,,,,,
2022-06-28 17:54:24,2022-06-28 19:38:40,100,6255,1,2022-06-28 19:38:41,EN,47,1,1,29,2,,2,4,,,2,7,6,3,3,3,2,,2,2,2,2,,2,,,,,,,,
2022-06-22 16:04:46,2022-06-22 17:18:30,91,4423,0,2022-06-29 17:18:38,EN,0,1,2,99,1,,2,,,,,,,,,,,,,,,,,,,,,,,,,
2022-06-23 13:53:34,2022-06-23 15:12:43,91,4749,0,2022-06-30 15:12:46,EN,0,2,2,99,1,,2,4,,,1,,,,,,,,,,,,,,,,,,,,,
2022-06-23 16:04:21,2022-06-23 17:14:36,91,4215,0,2022-06-30 17:14:37,EN,0,2,2,99,,,,,,,,,,,,,,,,,,,,,,,,,,,,
2022-06-27 13:53:49,2022-06-27 15:25:44,59,5515,0,2022-07-04 15:25:45,EN,0,2,1,99,,,,,,,,,,,,,,,,,,,,2,,,,,,,,
2022-06-27 16:02:48,2022-06-27 17:17:31,90,4482,0,2022-07-04 17:17:33,EN,0,2,2,99,,,,,,,,,,,,,,,,,,,,,,,,,,,,
2022-06-28 14:08:09,2022-06-28 15:22:58,96,4489,0,2022-07-05 15:23:01,EN,0,1,1,99,,,,,,,,,,,,,,,,,,,,2,,,,,,,,
2022-07-05 15:14:45,2022-07-05 16:14:38,100,3593,1,2022-07-05 16:14:38,EN,46,1,1,,,,,,,,,,,,,,,,,,,,,,,,,,,,,
2022-06-28 15:45:18,2022-06-28 16:17:55,2,1956,0,2022-07-05 16:17:57,EN,46,1,1,,,,,,,,,,,,,,,,,,,,,,,,,,,,,
2022-07-06 14:00:21,2022-07-06 15:41:47,100,6085,1,2022-07-06 15:41:47,EN,44,2,1,34,2,,2,2,,,2,8,6,3,3,3,2,,2,2,2,2,,2,,,,,,,,
2022-07-06 15:55:18,2022-07-06 18:07:09,100,7910,1,2022-07-06 18:07:09,EN,49,1,1,38,1,,2,7,,Hispanic,1,4,2,3,3,3,2,,2,2,2,2,,2,,,,,,,,
2022-06-30 18:02:59,2022-06-30 18:04:27,2,87,0,2022-07-07 18:04:29,EN,0,2,1,,,,,,,,,,,,,,,,,,,,,,,,,,,,,
2022-07-01 13:58:47,2022-07-01 13:59:56,2,68,0,2022-07-08 13:59:59,EN,0,1,1,,,,,,,,,,,,,,,,,,,,,,,,,,,,,
2022-07-01 14:01:02,2022-07-01 15:30:17,91,5355,0,2022-07-08 15:30:19,EN,0,1,1,99,,,,,,,,,,,,,,,,,,,,2,,,,,,,,
2022-07-08 13:57:47,2022-07-08 15:53:09,100,6922,1,2022-07-08 15:53:10,EN,45,2,1,66,2,,2,2,,,2,3,6,3,3,3,2,,2,2,2,2,,2,,,,,,,,
2022-07-11 13:55:50,2022-07-11 15:56:08,100,7218,1,2022-07-11 15:56:09,EN,48,1,1,53,1,,2,1,,,2,7,5,1,2,2,1,3,1,2,2,2,,2,,,,,,,,
2022-07-05 13:55:10,2022-07-05 15:05:20,51,4209,0,2022-07-12 15:05:26,EN,46,1,1,37,1,,2,4,,,2,3,2,1,2,1,2,,1,2,2,2,,2,,,,,,,,
2022-07-06 13:33:14,2022-07-06 13:33:55,2,40,0,2022-07-13 13:33:58,EN,0,1,1,,,,,,,,,,,,,,,,,,,,,,,,,,,,,
2022-07-13 14:01:14,2022-07-13 15:43:25,100,6130,1,2022-07-13 15:43:25,EN,51,1,1,47,1,,2,2,,,2,8,6,3,3,3,2,,2,2,2,2,,2,,,,,,,,
2022-07-07 16:04:06,2022-07-07 17:36:21,91,5535,0,2022-07-14 17:36:26,EN,0,2,1,99,,,,,,,,,,,,,3,,,,,,,2,,,,,,,,
2022-07-07 18:00:06,2022-07-07 18:32:34,49,1947,0,2022-07-14 18:32:36,EN,0,1,1,99,,,,,,,,,,,,,2,,,,,,,2,,,,,,,,
2022-07-07 18:33:41,2022-07-07 19:23:40,96,2998,0,2022-07-14 19:23:41,EN,0,1,1,99,,,,,,,,,,,,,2,,,,,,,2,,,,,,,,
2022-07-08 15:53:16,2022-07-08 16:59:16,47,3959,0,2022-07-15 16:59:22,EN,50,2,1,70,1,,2,2,,,2,9,6,3,3,3,2,,2,2,2,2,,2,,,,,,,,
2022-07-08 17:03:21,2022-07-08 17:16:57,51,816,0,2022-07-15 17:17:02,EN,50,2,1,,,,,,,,,,,,,,,,,,,,,,,,,,,,,
2022-07-17 15:59:05,2022-07-17 18:01:16,100,7330,1,2022-07-17 18:01:16,EN,52,1,1,62,2,,2,1,,,2,4,6,3,3,3,2,,2,2,2,2,,2,,,,,,,,
2022-07-06 15:54:09,2022-07-12 12:04:56,2,504646,0,2022-07-19 12:06:36,EN,49,1,1,,,,,,,,,,,,,,,,,,,,,,,,,,,,,
2022-07-12 12:05:20,2022-07-12 13:37:08,96,5507,0,2022-07-19 13:37:12,EN,0,1,1,99,1,,,,,,,,,,,,2,,,,,,,2,,,,,,,,
2022-07-12 14:03:57,2022-07-12 15:10:40,96,4003,0,2022-07-19 15:10:44,EN,0,1,1,99,1,,,,,,,,,,,,2,,,,,,,2,,,,,,,,
2022-07-19 14:22:12,2022-07-19 15:12:15,100,3003,1,2022-07-19 15:12:16,EN,0,1,1,30,2,,2,4,,,2,2,4,3,3,3,2,,2,2,2,2,,2,,,,,,,,
2022-07-12 16:01:43,2022-07-12 17:00:36,93,3533,0,2022-07-19 17:00:37,EN,0,2,1,99,1,,,,,,,,,,,,2,,,,,,,2,,,,,,,,
2022-07-12 18:02:37,2022-07-12 18:49:14,51,2796,0,2022-07-19 18:49:16,EN,0,1,1,99,1,,,,,,,,,,,,2,,,,,,,2,,,,,,,,
2022-07-21 13:48:16,2022-07-21 15:22:37,100,5661,1,2022-07-21 15:22:38,EN,41,2,2,,1,,2,4,,,2,4,5,,,,,,,,,,,,,,,,,,,
2022-07-22 16:58:47,2022-07-22 17:52:32,100,3224,1,2022-07-22 17:52:33,EN,56,2,1,,,,,,,,,,,,,,,,,,,,,,,,,,,,,
2022-07-23 16:21:06,2022-07-23 17:41:57,100,4850,1,2022-07-23 17:41:57,EN,43,1,2,44,2,,2,2,,,2,7,5,,,,,,,,,,,,,,,,,,,
2022-07-24 13:56:01,2022-07-24 16:00:06,100,7444,1,2022-07-24 16:00:06,EN,57,2,1,62,2,,2,4,,,2,5,6,3,3,2,2,,2,2,2,2,,2,,,,,,,,
2022-07-19 13:53:54,2022-07-19 14:20:38,2,1604,0,2022-07-26 14:20:39,EN,55,2,1,,,,,,,,,,,,,,,,,,,,,,,,,,,,,
2022-07-19 15:53:21,2022-07-19 16:22:38,2,1757,0,2022-07-26 16:22:42,EN,53,2,1,,,,,,,,,,,,,,,,,,,,,,,,,,,,,
2022-07-19 16:23:05,2022-07-19 16:23:36,2,30,0,2022-07-26 16:23:37,EN,0,1,2,,,,,,,,,,,,,,,,,,,,,,,,,,,,,
2022-07-26 13:58:44,2022-07-26 16:37:49,100,9545,1,2022-07-26 16:37:50,EN,53,2,1,54,1,,2,2,,,2,10,5,3,3,3,2,,2,2,2,2,,2,,,,,,,,
2022-07-19 16:23:42,2022-07-19 17:09:07,90,2725,0,2022-07-26 17:09:14,EN,0,1,2,99,,,,,,,,,,,,,,,,,,,,,,,,,,,,
2022-07-26 17:55:03,2022-07-26 19:38:36,100,6212,1,2022-07-26 19:38:37,EN,47,2,2,29,2,,2,4,,,2,7,6,,,,,,,,,,,,,,,,,,,
2022-07-20 12:11:37,2022-07-20 13:15:37,96,3840,0,2022-07-27 13:15:41,EN,0,1,2,99,,,,,,,,,,,,,,,,,,,,,,,,,,,,
2022-07-20 14:06:02,2022-07-20 14:52:12,96,2770,0,2022-07-27 14:52:15,EN,0,1,2,99,,,,,,,,,,,,,,,,,,,,,,,,,,,,
2022-07-27 17:57:25,2022-07-27 20:33:12,100,9347,1,2022-07-27 20:33:12,EN,60,2,1,59,1,,2,1,,,2,5,5,3,2,3,2,,1,1,2,2,,2,,,,,,,,
2022-07-22 16:01:53,2022-07-22 16:57:03,7,3310,0,2022-07-29 16:57:07,EN,56,2,1,38,3,,2,1,,,2,5,2,,,,,,,,,,,,,,,,,,,
2022-07-29 16:07:40,2022-07-29 17:59:50,100,6730,1,2022-07-29 17:59:51,EN,55,2,1,31,1,,2,2,,,2,5,6,2,3,3,2,,2,2,2,2,,2,,,,,,,,
2022-07-30 13:58:10,2022-07-30 16:11:28,100,7997,1,2022-07-30 16:11:29,EN,58,1,1,38,2,,2,"1,4",,,2,5,4,3,3,3,2,,2,2,2,2,,1,3,3,3,3,3,,2,2
2022-07-23 15:52:44,2022-07-23 16:19:29,46,1605,0,2022-07-30 16:19:36,EN,43,2,2,44,2,,2,2,,,2,7,5,,,,,,,,,,,,,,,,,,,
2022-07-30 16:13:27,2022-07-30 18:11:40,100,7092,1,2022-07-30 18:11:40,EN,61,1,1,18,1,,2,7,,Latino,1,4,2,2,2,3,2,,2,2,2,2,,2,,,,,,,,
2022-07-30 18:13:27,2022-07-30 20:03:36,100,6609,1,2022-07-30 20:03:37,EN,59,2,1,35,2,,2,2,,,2,10,5,3,3,3,2,,2,2,2,2,,2,,,,,,,,
2022-08-01 15:55:06,2022-08-01 17:52:51,100,7065,1,2022-08-01 17:52:52,EN,63,1,1,19,2,,2,2,,,2,1,2,2,2,4,3,,1,3,3,2,,2,,,,,,,,
2022-08-02 13:52:23,2022-08-02 15:36:33,100,6249,1,2022-08-02 15:36:34,EN,64,2,1,49,2,,2,1,,,2,5,5,3,3,3,2,,2,2,2,2,,2,,,,,,,,
2022-08-02 15:43:38,2022-08-02 17:45:01,100,7282,1,2022-08-02 17:45:01,EN,65,2,1,21,2,,2,"3,4,6",,,1,1,3,2,2,2,1,2,1,1,2,2,,2,,,,,,,,
2022-07-27 13:48:38,2022-07-27 14:23:13,2,2074,0,2022-08-03 14:23:14,EN,54,2,1,,,,,,,,,,,,,,,,,,,,,,,,,,,,,
2022-08-03 13:58:26,2022-08-03 15:32:01,100,5614,1,2022-08-03 15:32:02,EN,44,1,2,34,2,,2,2,,,2,8,6,,,,,,,,,,,,,,,,,,,
2022-08-03 17:50:19,2022-08-03 20:15:21,100,8701,1,2022-08-03 20:15:21,EN,67,2,1,39,2,,2,4,,,2,10,5,3,3,3,2,,2,2,2,2,,2,,,,,,,,
2022-08-04 15:49:40,2022-08-04 17:52:22,100,7361,1,2022-08-04 17:52:22,EN,49,2,2,38,1,,2,7,,Hispanic,1,2,2,,,,,,,,,,,,,,,,,,,
2022-07-28 17:48:54,2022-07-28 18:23:36,2,2082,0,2022-08-04 18:23:39,EN,62,2,1,,,,,,,,,,,,,,,,,,,,,,,,,,,,,
2022-08-04 17:54:57,2022-08-04 20:01:31,100,7594,1,2022-08-04 20:01:32,EN,68,2,1,54,2,,3,4,,,2,5,7,2,2,2,1,2,1,1,3,2,,2,,,,,,,,
2022-07-30 13:57:38,2022-07-30 13:58:07,3,28,0,2022-08-06 13:58:07,EN,58,1,1,,,,,,,,,,,,,,,,,,,,,,,,,,,,,
2022-08-06 13:20:42,2022-08-06 15:49:44,100,8942,1,2022-08-06 15:49:45,EN,54,2,1,19,2,,2,4,,,2,1,3,3,3,3,2,,2,2,2,2,,2,,,,,,,,
2022-07-30 16:11:58,2022-07-30 16:13:15,2,77,0,2022-08-06 16:13:21,EN,61,1,1,,,,,,,,,,,,,,,,,,,,,,,,,,,,,
2022-08-06 15:50:43,2022-08-06 17:44:32,100,6829,1,2022-08-06 17:44:33,EN,69,2,1,20,1,,2,2,,,2,1,3,3,3,3,2,,2,2,2,2,,2,,,,,,,,
2022-08-07 17:56:32,2022-08-07 19:27:45,100,5473,1,2022-08-07 19:27:46,EN,66,1,1,20,2,,2,4,,,2,10,3,3,3,3,2,,2,2,2,2,,2,,,,,,,,
2022-08-01 15:51:50,2022-08-01 15:54:35,2,164,0,2022-08-08 15:54:39,EN,63,1,1,,,,,,,,,,,,,,,,,,,,,,,,,,,,,
2022-08-08 13:57:09,2022-08-08 16:03:45,100,7595,1,2022-08-08 16:03:45,EN,45,1,2,67,2,,2,2,,,2,6,6,,,,,,,,,,,,,,,,,,,
2022-08-10 13:56:09,2022-08-10 15:34:08,100,5878,1,2022-08-10 15:34:09,EN,70,1,1,30,2,,2,2,,,2,5,6,3,3,2,2,,1,2,2,2,,2,,,,,,,,
2022-08-11 15:38:49,2022-08-11 18:01:19,100,8550,1,2022-08-11 18:01:20,EN,75,2,1,20,2,,2,"1,4",,,2,10,3,3,3,3,2,,2,2,2,2,,2,,,,,,,,
2022-08-11 18:01:56,2022-08-11 19:51:22,100,6565,1,2022-08-11 19:51:22,EN,71,2,1,20,1,,2,6,"White, Arab",,2,3,3,3,3,3,2,,2,2,2,2,,2,,,,,,,,
2022-08-05 13:40:58,2022-08-05 14:18:44,2,2266,0,2022-08-12 14:18:47,EN,46,2,2,,,,,,,,,,,,,,,,,,,,,,,,,,,,,
2022-08-12 13:56:05,2022-08-12 15:55:48,100,7182,1,2022-08-12 15:55:48,EN,76,1,1,24,2,,2,4,,,1,3,5,2,2,1,1,3,1,2,2,2,,2,,,,,,,,
2022-08-13 14:17:19,2022-08-13 17:54:03,100,13004,1,2022-08-13 17:54:04,EN,52,2,2,62,2,,2,1,,,2,5,6,,,,,,,,,,,,,,,,,,,
2022-08-06 17:45:27,2022-08-06 18:20:43,2,2116,0,2022-08-13 18:20:46,EN,70,1,1,,,,,,,,,,,,,,,,,,,,,,,,,,,,,
2022-08-13 17:55:23,2022-08-13 19:40:17,100,6294,1,2022-08-13 19:40:18,EN,51,2,2,47,1,,2,2,,,2,7,6,,,,,,,,,,,,,,,,,,,
2022-08-15 13:54:12,2022-08-15 15:58:18,100,7445,1,2022-08-15 15:58:19,EN,48,2,2,53,1,,2,1,,,2,7,5,,,,,,,,,,,,,,,,,,,
2022-08-15 15:58:56,2022-08-15 17:59:16,100,7219,1,2022-08-15 17:59:16,EN,72,2,1,61,2,,2,4,,,2,8,6,3,3,2,2,,2,2,2,2,,2,,,,,,,,
2022-08-09 15:50:30,2022-08-09 16:18:33,2,1683,0,2022-08-16 16:18:38,EN,71,1,1,,,,,,,,,,,,,,,,,,,,,,,,,,,,,
2022-08-16 17:49:36,2022-08-16 19:38:14,100,6517,1,2022-08-16 19:38:14,EN,73,2,1,18,2,,2,7,,latina,1,2,2,,,,,,,,,,,,,,,,,,,
2022-08-17 13:34:35,2022-08-17 15:34:23,100,7188,1,2022-08-17 15:34:24,EN,74,1,1,21,2,,2,2,,,2,2,3,,,,,,,,,,,,,,,,,,,
2022-08-10 17:53:43,2022-08-10 18:30:36,2,2212,0,2022-08-17 18:30:39,EN,62,2,1,,,,,,,,,,,,,,,,,,,,,,,,,,,,,
2022-08-17 17:55:06,2022-08-17 19:47:35,100,6748,1,2022-08-17 19:47:35,EN,77,1,1,24,2,,2,2,,,2,5,5,,,,,,,,,,,,,,,,,,,
2022-08-11 13:56:35,2022-08-11 15:37:03,2,6028,0,2022-08-18 15:37:10,EN,74,1,1,,,,,,,,,,,,,,,,,,,,,,,,,,,,,
2022-08-18 15:53:36,2022-08-18 17:37:37,100,6240,1,2022-08-18 17:37:37,EN,86,2,1,23,2,,2,4,,,2,1,5,,,,,,,,,,,,,,,,,,,
2022-08-19 13:26:23,2022-08-19 15:44:38,100,8294,1,2022-08-19 15:44:39,EN,79,2,1,22,2,,2,7,,Hispanic,1,2,4,,,,,,,,,,,,,,,,,,,
2022-08-13 13:58:40,2022-08-13 14:16:18,2,1057,0,2022-08-20 14:16:21,EN,77,1,1,,,,,,,,,,,,,,,,,,,,,,,,,,,,,
2022-08-20 15:41:35,2022-08-20 17:42:28,100,7253,1,2022-08-20 17:42:29,EN,80,2,1,21,2,,2,7,,Latinx,1,1,5,,,,,,,,,,,,,,,,,,,
2022-08-13 17:54:39,2022-08-13 17:55:15,3,36,0,2022-08-20 17:55:23,EN,51,2,2,,,,,,,,,,,,,,,,,,,,,,,,,,,,,
2022-08-20 17:42:34,2022-08-20 19:24:53,100,6138,1,2022-08-20 19:24:53,EN,81,1,1,21,2,,2,2,,,2,10,4,,,,,,,,,,,,,,,,,,,
2022-08-21 13:28:17,2022-08-21 15:54:12,100,8755,1,2022-08-21 15:54:13,EN,57,1,2,62,2,,2,4,,,2,5,6,3,3,2,2,,2,2,2,2,,2,,,,,,,,
2022-08-22 13:49:41,2022-08-22 15:57:42,100,7681,1,2022-08-22 15:57:43,EN,83,2,1,58,2,,2,4,,,2,5,4,,,,,,,,,,,,,,,,,,,
2022-08-15 16:33:41,2022-08-15 16:35:47,45,126,0,2022-08-22 16:35:52,EN,0,2,1,,,,,,,,,,,,,,,,,,,,,,,,,,,,,
2022-08-22 16:00:03,2022-08-22 17:47:22,100,6439,1,2022-08-22 17:47:23,EN,56,1,2,38,3,,2,1,,,2,6,3,2,2,2,1,2,1,1,2,2,,2,,,,,,,,
2022-08-16 13:57:51,2022-08-16 14:18:51,2,1260,0,2022-08-23 14:18:52,EN,53,1,2,,,,,,,,,,,,,,,,,,,,,,,,,,,,,
2022-08-23 15:53:32,2022-08-23 17:47:13,100,6820,1,2022-08-23 17:47:13,EN,78,2,1,37,2,,2,2,,,2,8,6,,,,,,,,,,,,,,,,,,,
2022-08-24 13:56:59,2022-08-24 15:25:13,100,5293,1,2022-08-24 15:25:13,EN,55,1,2,31,1,,2,2,,,2,5,6,3,3,3,2,,2,2,2,2,,2,,,,,,,,
2022-08-24 17:53:15,2022-08-24 19:50:30,100,7035,1,2022-08-24 19:50:31,EN,84,1,1,55,1,,2,4,,,2,3,5,,,,,,,,,,,,,,,,,,,
2022-08-21 15:56:15,2022-08-21 16:26:23,2,1807,0,2022-08-28 16:26:25,EN,87,1,1,,,,,,,,,,,,,,,,,,,,,,,,,,,,,
2022-08-30 13:56:13,2022-08-30 15:57:58,100,7304,1,2022-08-30 15:57:58,EN,58,2,2,39,2,,2,"1,4",,,2,5,3,3,3,3,2,,2,2,2,2,,1,3,3,3,3,3,,2,2
2022-08-30 15:58:51,2022-08-30 17:47:02,100,6490,1,2022-08-30 17:47:02,EN,63,2,2,19,2,,2,2,,,2,1,2,1,1,1,3,,1,1,1,2,,2,,,,,,,,
2022-08-23 17:54:37,2022-08-23 18:19:33,2,1496,0,2022-08-30 18:19:35,EN,85,1,1,,,,,,,,,,,,,,,,,,,,,,,,,,,,,
2022-08-30 17:48:41,2022-08-30 19:48:49,100,7207,1,2022-08-30 19:48:49,EN,68,1,2,54,2,,3,4,,,2,5,7,1,1,1,3,,1,1,2,2,,2,,,,,,,,
2022-08-31 17:53:26,2022-08-31 19:45:33,100,6726,1,2022-08-31 19:45:34,EN,61,2,2,18,1,,2,4,,,1,2,3,3,3,2,2,,2,2,2,2,,2,,,,,,,,
2022-09-01 13:33:18,2022-09-01 15:26:57,100,6818,1,2022-09-01 15:26:57,EN,69,1,2,20,1,,2,2,,,2,2,3,3,3,3,2,,2,2,2,2,,2,,,,,,,,
2022-09-01 15:58:04,2022-09-01 17:51:18,100,6794,1,2022-09-01 17:51:19,EN,54,1,2,19,2,,2,4,,,2,1,3,2,3,3,2,,2,2,2,2,,2,,,,,,,,
2022-09-01 17:53:01,2022-09-01 19:45:10,100,6729,1,2022-09-01 19:45:11,EN,59,1,2,35,2,,2,2,,,2,10,5,3,3,3,2,,2,2,2,2,,2,,,,,,,,
2022-09-02 13:16:00,2022-09-02 15:52:32,100,9391,1,2022-09-02 15:52:32,EN,64,1,2,49,2,,2,1,,,2,5,5,4,4,4,2,,2,2,2,2,,2,,,,,,,,
2022-08-29 13:24:18,2022-08-29 14:16:11,2,3112,0,2022-09-05 14:16:16,EN,54,1,2,,,,,,,,,,,,,,,,,,,,,,,,,,,,,
2022-08-30 13:55:33,2022-08-30 13:56:05,3,31,0,2022-09-06 13:56:06,EN,58,2,2,,,,,,,,,,,,,,,,,,,,,,,,,,,,,
2022-09-06 13:53:33,2022-09-06 15:30:58,100,5845,1,2022-09-06 15:30:59,EN,66,1,2,20,2,,2,4,,,2,10,3,3,3,3,2,,2,2,2,2,,2,,,,,,,,
2022-09-06 15:35:51,2022-09-06 17:33:32,100,7060,1,2022-09-06 17:33:32,EN,65,1,2,21,2,,2,"3,4",,,1,1,3,2,2,2,1,2,1,1,2,2,,2,,,,,,,,
2022-09-06 17:41:38,2022-09-06 19:47:47,100,7569,1,2022-09-06 19:47:48,EN,67,1,2,39,2,,2,4,,,2,10,5,3,3,3,2,,2,2,2,2,,2,,,,,,,,
2022-09-07 15:48:32,2022-09-07 18:01:08,100,7955,1,2022-09-07 18:01:08,EN,71,2,2,20,1,,2,4,,,2,3,3,3,3,3,2,,2,2,2,2,,2,,,,,,,,
2022-09-01 15:55:58,2022-09-01 15:57:19,2,80,0,2022-09-08 15:57:19,EN,54,1,2,,,,,,,,,,,,,,,,,,,,,,,,,,,,,
2022-09-01 17:52:24,2022-09-01 17:52:55,2,30,0,2022-09-08 17:52:59,EN,59,1,2,,,,,,,,,,,,,,,,,,,,,,,,,,,,,
2022-09-09 13:57:52,2022-09-09 15:55:23,100,7050,1,2022-09-09 15:55:24,EN,72,1,2,61,2,,2,4,,,2,8,6,3,3,4,2,,2,2,2,3,,2,,,,,,,,
2022-09-12 13:54:04,2022-09-12 15:34:18,100,6013,1,2022-09-12 15:34:18,EN,75,1,2,21,2,,2,"1,4",,,2,10,3,3,3,3,2,,2,2,2,2,,2,,,,,,,,
2022-09-13 13:49:32,2022-09-13 15:37:41,100,6488,1,2022-09-13 15:37:42,EN,70,2,2,30,2,,2,2,,,2,5,6,2,3,2,2,,1,1,3,2,,2,,,,,,,,
2022-09-13 15:42:08,2022-09-13 17:53:56,100,7908,1,2022-09-13 17:53:57,EN,76,2,2,24,2,,2,4,,,1,3,5,1,2,2,1,1,1,1,2,1,2,2,,,,,,,,
2022-09-15 13:53:28,2022-09-15 16:00:30,100,7622,1,2022-09-15 16:00:30,EN,82,2,1,34,2,,2,4,,,2,8,5,,,,,,,,,,,,,,,,,,,
2022-09-15 16:06:03,2022-09-15 17:48:43,100,6159,1,2022-09-15 17:48:43,EN,74,2,2,21,2,,2,2,,,2,2,3,3,3,3,2,,2,2,2,2,,2,,,,,,,,
2022-09-08 17:52:40,2022-09-08 17:57:48,2,307,0,2022-09-15 17:57:54,EN,70,2,2,,,,,,,,,,,,,,,,,,,,,,,,,,,,,
2022-09-08 17:58:09,2022-09-08 18:18:23,2,1214,0,2022-09-15 18:18:25,EN,70,2,2,,,,,,,,,,,,,,,,,,,,,,,,,,,,,
2022-09-09 13:53:07,2022-09-09 13:57:49,3,282,0,2022-09-16 13:57:51,EN,72,1,2,,,,,,,,,,,,,,,,,,,,,,,,,,,,,
2022-09-19 13:37:02,2022-09-19 15:35:48,100,7126,1,2022-09-19 15:35:49,EN,79,1,2,22,2,,2,7,,latino,1,2,4,2,4,2,1,2,1,1,3,2,,2,,,,,,,,
2022-09-20 13:54:55,2022-09-20 15:49:51,100,6895,1,2022-09-20 15:49:51,EN,85,1,1,32,1,,2,4,,,2,8,5,,,,,,,,,,,,,,,,,,,
2022-09-20 15:56:24,2022-09-20 17:37:22,100,6058,1,2022-09-20 17:37:23,EN,77,2,2,24,2,,2,2,,,2,5,5,2,3,3,1,3,2,1,2,2,,2,,,,,,,,
2022-09-20 17:37:52,2022-09-20 19:36:54,100,7142,1,2022-09-20 19:36:55,EN,80,1,2,22,2,,2,7,,Hispanic/Latinx,1,1,5,3,3,3,2,,2,2,2,2,,2,,,,,,,,
2022-09-22 13:55:15,2022-09-22 15:20:52,100,5136,1,2022-09-22 15:20:52,EN,73,1,2,18,2,,2,7,,latino,1,2,2,3,3,2,3,,1,1,2,3,,2,,,,,,,,
2022-09-22 15:55:09,2022-09-22 17:33:00,100,5871,1,2022-09-22 17:33:01,EN,81,2,2,21,2,,2,2,,,2,10,4,3,3,3,1,4,2,2,2,2,,2,,,,,,,,
2022-09-22 17:33:19,2022-09-22 20:11:19,100,9479,1,2022-09-22 20:11:19,EN,84,2,2,56,1,,2,4,,,2,2,5,2,2,3,2,,1,2,2,2,,1,2,2,3,2,3,,2,2
2022-09-25 13:32:14,2022-09-25 13:35:18,100,183,1,2022-09-25 13:35:19,EN,0,2,1,,,,,,,,,,,,,,,,,,,,,,,,,,,,,
2022-09-25 13:35:25,2022-09-25 13:42:06,100,401,1,2022-09-25 13:42:07,EN,0,1,2,,,,,,,,,,,,,,,,,,,,,,,,,,,,,
2022-09-26 13:57:10,2022-09-26 15:53:26,100,6975,1,2022-09-26 15:53:26,EN,83,1,2,58,2,,2,4,,,2,3,4,2,2,2,1,2,1,2,2,2,,2,,,,,,,,
2022-09-27 13:56:34,2022-09-27 15:33:48,100,5833,1,2022-09-27 15:33:48,EN,78,1,2,37,2,,2,2,,,2,8,6,2,3,3,2,,2,2,2,2,,2,,,,,,,,
2022-09-28 18:06:57,2022-09-28 19:10:46,100,3828,1,2022-09-28 19:10:48,EN,0,2,2,99,,,,,,,,,,,,,,,,,,,,2,,,,,,,,
2022-09-21 13:54:05,2022-09-22 13:55:00,2,86454,0,2022-09-29 13:55:05,EN,84,2,2,,,,,,,,,,,,,,,,,,,,,,,,,,,,,
2022-09-29 16:11:57,2022-09-29 16:57:18,100,2721,1,2022-09-29 16:57:19,EN,0,2,2,99,,,,,,,,,,,,,,,,,,,,2,,,,,,,,
2022-09-29 18:01:53,2022-09-29 19:42:29,100,6035,1,2022-09-29 19:42:29,EN,0,2,2,99,,,,,,,,,,,,,,,,,,,,2,,,,,,,,
2022-10-03 13:59:11,2022-10-03 15:44:19,100,6308,1,2022-10-03 15:44:20,EN,88,1,1,28,2,,2,4,,,2,6,6,,,,,,,,,,,,,,,,,,,
2022-10-03 15:57:43,2022-10-03 17:43:30,100,6346,1,2022-10-03 17:43:30,EN,89,2,1,19,2,,2,7,,Mexican,1,1,3,,,,,,,,,,,,,,,,,,,
2022-09-27 17:54:24,2022-09-27 18:38:02,2,2617,0,2022-10-04 18:38:03,EN,53,1,2,,,,,,,,,,,,,,,,,,,,,,,,,,,,,
2022-10-04 18:31:54,2022-10-04 19:33:12,100,3677,1,2022-10-04 19:33:12,EN,0,1,2,99,,,,,,,,,,,,,,,,,,,,,,,,,,,,
2022-10-06 16:03:27,2022-10-06 17:31:37,100,5289,1,2022-10-06 17:31:37,EN,92,1,1,24,2,,2,2,,,2,7,6,,,,,,,,,,,,,,,,,,,
2022-10-06 17:31:55,2022-10-06 19:37:08,100,7512,1,2022-10-06 19:37:09,EN,93,1,1,24,2,,2,2,,,2,8,5,,,,,,,,,,,,,,,,,,,
2022-09-30 15:52:51,2022-09-30 16:22:57,2,1805,0,2022-10-07 16:22:57,EN,53,1,2,,,,,,,,,,,,,,,,,,,,,,,,,,,,,
2022-09-30 16:04:35,2022-09-30 16:46:35,38,2520,0,2022-10-07 16:46:36,EN,0,2,2,99,,,,,,,,,,,,,,,,,,,,,,,,,,,,
2022-10-07 15:54:13,2022-10-07 17:40:11,100,6358,1,2022-10-07 17:40:12,EN,94,2,1,24,1,,2,2,,,2,4,5,,,,,,,,,,,,,,,,,,,
2022-10-07 17:43:47,2022-10-07 20:13:15,100,8967,1,2022-10-07 20:13:15,EN,95,2,1,24,2,,2,2,,,2,4,5,,,,,,,,,,,,,,,,,,,
2022-10-03 17:52:27,2022-10-03 18:22:48,2,1821,0,2022-10-10 18:22:50,EN,90,1,1,,,,,,,,,,,,,,,,,,,,,,,,,,,,,
2022-10-04 13:56:42,2022-10-04 15:25:31,2,5328,0,2022-10-11 15:25:33,EN,91,1,1,,,,,,,,,,,,,,,,,,,,,,,,,,,,,
2022-10-12 13:58:33,2022-10-12 15:51:29,100,6776,1,2022-10-12 15:51:30,EN,97,1,1,29,2,,2,4,,,2,8,6,,,,,,,,,,,,,,,,,,,
2022-10-05 14:33:44,2022-10-06 16:02:38,90,91733,0,2022-10-13 16:02:38,EN,0,2,1,99,,,,,,,,,,,,,,,,,,,,,,,,,,,,
2022-10-13 15:58:17,2022-10-13 17:55:57,100,7060,1,2022-10-13 17:55:58,EN,98,2,1,,1,,2,2,,,2,1,3,,,,,,,,,,,,,,,,,,,
2022-10-14 14:04:19,2022-10-14 15:43:10,100,5931,1,2022-10-14 15:43:11,EN,0,1,2,21,2,,2,4,,,2,1,3,4,4,4,3,,3,3,3,3,,2,,,,,,,,
2022-10-14 15:57:19,2022-10-14 17:45:29,100,6489,1,2022-10-14 17:45:30,EN,99,2,1,26,2,,2,2,,,2,7,5,,,,,,,,,,,,,,,,,,,
2022-10-17 14:00:43,2022-10-17 15:39:37,100,5933,1,2022-10-17 15:39:38,EN,82,1,2,34,2,,2,4,,,2,8,5,3,3,3,2,,2,2,2,2,,2,,,,,,,,
2022-10-17 15:53:17,2022-10-17 17:20:06,100,5208,1,2022-10-17 17:20:06,EN,90,1,1,25,1,,2,4,,,2,7,7,,,,,,,,,,,,,,,,,,,
2022-10-17 17:53:45,2022-10-17 19:24:16,100,5431,1,2022-10-17 19:24:17,EN,86,1,2,23,2,,2,4,,,2,1,5,3,3,2,2,,2,2,2,2,,2,,,,,,,,
2022-10-19 14:01:02,2022-10-19 15:49:02,100,6480,1,2022-10-19 15:49:03,EN,101,1,1,59,2,,2,4,,,2,5,4,,,,,,,,,,,,,,,,,,,
2022-10-21 14:05:05,2022-10-21 15:25:23,100,4818,1,2022-10-21 15:25:24,EN,0,2,2,99,,,,,,,,,,,,,,,,,,,,2,,,,,,,,
2022-10-21 15:54:54,2022-10-21 17:46:56,100,6721,1,2022-10-21 17:46:56,EN,96,1,1,26,2,,2,4,,,2,5,6,,,,,,,,,,,,,,,,,,,
2022-10-21 17:47:16,2022-10-21 20:18:06,100,9049,1,2022-10-21 20:18:06,EN,85,2,2,32,1,,2,4,,,2,8,5,3,3,2,2,,2,2,2,2,,1,3,3,3,3,3,,2,2
2022-10-22 18:03:37,2022-10-22 20:22:43,100,8346,1,2022-10-22 20:22:43,EN,102,1,1,23,2,,2,2,,,2,1,6,,,,,,,,,,,,,,,,,,,
2022-10-23 13:57:04,2022-10-23 15:57:48,100,7243,1,2022-10-23 15:57:48,EN,103,2,1,22,2,,2,2,,,2,1,5,,,,,,,,,,,,,,,,,,,
2022-10-23 17:49:49,2022-10-23 19:39:14,100,6564,1,2022-10-23 19:39:14,EN,91,1,1,30,3,,1,3,,,1,5,5,,,,,,,,,,,,,,,,,,,
2022-10-24 14:19:00,2022-10-24 15:25:08,100,3968,1,2022-10-24 15:25:09,EN,0,1,1,99,,,,,,,,,,,,,,,,,,,,,,,,,,,,
2022-10-24 13:57:46,2022-10-24 15:59:10,100,7283,1,2022-10-24 15:59:10,EN,53,1,2,54,1,,2,2,,,2,2,5,3,3,3,2,,2,2,2,2,,2,,,,,,,,
2022-10-24 16:02:26,2022-10-24 17:45:40,100,6194,1,2022-10-24 17:45:41,EN,105,2,1,22,3,,1,4,,,2,2,5,,,,,,,,,,,,,,,,,,,
2022-10-24 17:52:33,2022-10-24 19:56:36,100,7442,1,2022-10-24 19:56:36,EN,106,2,1,,1,,2,1,,,2,4,7,,,,,,,,,,,,,,,,,,,
2022-10-18 14:05:22,2022-10-18 15:02:16,2,3414,0,2022-10-25 15:02:20,EN,91,1,1,,,,,,,,,,,,,,,,,,,,,,,,,,,,,
2022-10-25 14:57:44,2022-10-25 16:11:56,100,4452,1,2022-10-25 16:11:57,EN,107,2,1,,,,,,,,,,,,,,,,,,,,,,,,,,,,,
2022-10-25 18:05:10,2022-10-25 19:30:34,100,5123,1,2022-10-25 19:30:35,EN,0,1,2,99,,,,,,,,,,,,,2,,,,,,,1,,,,,,,,
2022-10-23 16:01:03,2022-10-23 16:28:46,2,1662,0,2022-10-30 16:28:50,EN,104,1,1,,,,,,,,,,,,,,,,,,,,,,,,,,,,,
2022-10-31 13:54:55,2022-10-31 16:06:02,100,7866,1,2022-10-31 16:06:03,EN,100,2,1,59,1,,2,6,"African American, White, American Indian",,2,3,3,,,,,,,,,,,,,,,,,,,
2022-10-31 16:07:21,2022-10-31 17:46:09,100,5927,1,2022-10-31 17:46:09,EN,104,1,1,21,2,,2,4,,,1,1,3,,,,,,,,,,,,,,,,,,,
2022-10-25 13:53:22,2022-10-25 14:36:46,38,2603,0,2022-11-01 14:36:49,EN,107,2,1,72,2,,2,4,,,2,6,6,,,,,,,,,,,,,,,,,,,
2022-10-26 13:53:49,2022-10-26 13:56:05,2,135,0,2022-11-02 13:56:05,EN,108,2,1,,,,,,,,,,,,,,,,,,,,,,,,,,,,,
2022-11-03 17:54:56,2022-11-03 19:37:15,100,6138,1,2022-11-03 19:37:16,EN,93,2,2,24,2,,2,2,,,2,8,5,3,3,3,2,,2,2,2,2,,2,,,,,,,,
2022-11-04 15:54:40,2022-11-04 17:31:37,100,5816,1,2022-11-04 17:31:37,EN,89,1,2,19,2,,2,7,,I don't consider myself white,1,1,3,3,3,3,2,,2,2,2,2,,2,,,,,,,,
2022-11-04 17:56:44,2022-11-04 19:26:18,100,5373,1,2022-11-04 19:26:19,EN,95,1,2,24,2,,2,2,,,2,4,5,3,2,2,2,,2,2,2,2,,2,,,,,,,,
2022-11-05 13:59:31,2022-11-05 16:24:27,100,8696,1,2022-11-05 16:24:28,EN,109,1,1,72,3,,3,4,,,2,1,6,,,,,,,,,,,,,,,,,,,
2022-11-05 16:28:24,2022-11-05 18:09:21,100,6057,1,2022-11-05 18:09:22,EN,110,1,1,22,3,,1,"2,4",,,2,7,5,,,,,,,,,,,,,,,,,,,
2022-11-06 16:00:04,2022-11-06 17:45:15,100,6310,1,2022-11-06 17:45:16,EN,108,2,1,29,1,,2,1,,,2,6,5,,,,,,,,,,,,,,,,,,,
2022-11-07 13:56:24,2022-11-07 15:35:12,100,5928,1,2022-11-07 15:35:13,EN,88,2,2,28,2,,2,4,,,2,6,6,3,3,3,2,,2,2,2,2,,2,,,,,,,,
2022-11-07 15:56:57,2022-11-07 17:37:01,100,6003,1,2022-11-07 17:37:01,EN,92,2,2,25,2,,2,2,,,2,7,6,3,3,3,2,,2,2,2,2,,2,,,,,,,,
2022-11-07 17:53:17,2022-11-07 19:44:11,100,6654,1,2022-11-07 19:44:12,EN,94,1,2,24,1,,2,2,,,2,3,5,3,3,3,2,,2,2,2,2,,2,,,,,,,,
2022-11-08 13:59:45,2022-11-08 15:36:01,100,5776,1,2022-11-08 15:36:02,EN,111,1,1,29,2,,2,4,,,2,7,7,,,,,,,,,,,,,,,,,,,
2022-11-02 13:53:52,2022-11-02 13:56:32,2,159,0,2022-11-09 12:56:34,EN,91,2,2,,,,,,,,,,,,,,,,,,,,,,,,,,,,,
2022-11-09 13:53:45,2022-11-09 15:52:41,100,7136,1,2022-11-09 15:52:42,EN,97,2,2,29,2,,2,4,,,2,8,6,3,3,3,2,,2,2,2,2,,2,,,,,,,,
2022-11-09 15:54:33,2022-11-09 17:35:06,100,6033,1,2022-11-09 17:35:07,EN,112,1,1,28,2,,2,1,,,2,1,5,,,,,,,,,,,,,,,,,,,
2022-11-07 15:56:20,2022-11-07 15:56:49,2,28,0,2022-11-14 15:56:54,EN,92,2,2,,,,,,,,,,,,,,,,,,,,,,,,,,,,,
2022-11-10 16:03:27,2022-11-10 16:03:47,2,19,0,2022-11-17 16:03:50,EN,98,1,2,,,,,,,,,,,,,,,,,,,,,,,,,,,,,
2022-11-18 15:53:40,2022-11-18 17:35:36,100,6116,1,2022-11-18 17:35:37,EN,99,1,2,26,2,,2,2,,,2,7,5,3,3,3,2,,2,2,2,2,,2,,,,,,,,
2022-11-19 13:54:13,2022-11-19 16:12:44,100,8311,1,2022-11-19 16:12:45,EN,91,2,2,30,3,,1,7,,Mestizx,1,4,5,2,3,2,2,,2,2,2,2,,2,,,,,,,,
2022-11-19 16:13:03,2022-11-19 17:32:26,100,4762,1,2022-11-19 17:32:26,EN,90,2,2,25,1,,2,4,,,2,8,7,3,3,3,2,,2,2,2,2,,2,,,,,,,,
2022-11-20 15:52:12,2022-11-20 18:01:30,100,7757,1,2022-11-20 18:01:30,EN,96,2,2,26,2,,2,4,,,2,5,6,2,2,2,1,3,1,1,2,2,,2,,,,,,,,
2022-11-20 18:02:16,2022-11-20 20:05:20,100,7384,1,2022-11-20 20:05:21,EN,102,2,2,23,2,,2,2,,,2,1,6,4,3,2,1,3,2,2,2,2,,2,,,,,,,,
2022-11-21 13:53:19,2022-11-21 16:04:29,100,7870,1,2022-11-21 16:04:30,EN,101,2,2,59,2,,2,4,,,2,5,4,3,3,2,1,3,1,2,2,2,,2,,,,,,,,
2022-11-22 17:56:30,2022-11-22 19:23:32,100,5222,1,2022-11-22 19:23:33,EN,103,1,2,21,2,,2,2,,,2,1,5,3,3,3,1,3,1,2,3,2,,2,,,,,,,,
2022-11-28 16:04:27,2022-11-28 17:36:19,100,5512,1,2022-11-28 17:36:19,EN,104,2,2,21,2,,2,4,,,1,2,3,2,2,1,2,,1,1,2,2,,2,,,,,,,,
2022-11-28 17:52:28,2022-11-28 19:52:59,100,7230,1,2022-11-28 19:53:00,EN,106,1,2,33,1,,2,1,,,2,4,7,3,3,3,2,,2,2,2,2,,1,3,3,3,3,3,,2,2
2022-11-29 13:52:30,2022-11-29 15:39:22,100,6412,1,2022-11-29 15:39:23,EN,107,1,2,72,2,,2,4,,,2,10,6,3,3,3,2,,2,2,2,2,,2,,,,,,,,
2022-11-22 14:06:13,2022-11-22 14:17:30,2,676,0,2022-11-29 16:15:42,EN,105,1,2,,,,,,,,,,,,,,,,,,,,,,,,,,,,,
2022-11-30 13:43:53,2022-11-30 15:53:52,100,7798,1,2022-11-30 15:53:53,EN,100,1,2,59,1,,2,"1,3,4",,,2,5,3,2,2,2,1,2,1,1,2,2,,2,,,,,,,,
2022-12-03 13:54:12,2022-12-03 15:31:43,100,5851,1,2022-12-03 15:31:44,EN,110,2,2,22,3,,1,"2,4",,,2,7,5,3,3,3,2,,2,2,2,2,,2,,,,,,,,
2022-12-05 14:18:15,2022-12-05 16:18:22,100,7207,1,2022-12-05 16:18:23,EN,109,2,2,72,3,,2,4,,,2,3,6,2,2,1,1,2,1,2,1,2,,2,,,,,,,,
2022-12-07 17:50:08,2022-12-07 19:48:33,100,7104,1,2022-12-07 19:48:33,EN,112,2,2,28,2,,2,1,,,2,1,5,3,3,3,2,,2,2,2,2,,2,,,,,,,,
2022-12-08 15:49:32,2022-12-08 17:32:28,100,6175,1,2022-12-08 17:32:28,EN,111,2,2,29,2,,2,4,,,2,8,7,3,3,3,2,,2,2,2,2,,2,,,,,,,,
2022-12-05 13:50:45,2022-12-05 14:15:09,3,1463,0,2022-12-12 14:15:11,EN,109,2,2,,,,,,,,,,,,,,,,,,,,,,,,,,,,,
2023-01-19 16:10:54,2023-01-19 17:52:04,100,6070,1,2023-01-19 17:52:05,EN,0,1,1,,,,,,,,,,,,,,,,,,,,,,,,,,,,,
2023-01-23 17:54:10,2023-01-23 19:53:13,100,7143,1,2023-01-23 19:53:14,EN,113,1,1,,1,,2,4,,,2,7,3,,,,,,,,,,,,,,,,,,,
2023-01-24 13:51:23,2023-01-24 15:34:30,100,6187,1,2023-01-24 15:34:31,EN,114,1,1,,2,,2,4,,,2,7,6,,,,,,,,,,,,,,,,,,,
2023-01-24 16:26:08,2023-01-24 17:45:38,100,4770,1,2023-01-24 17:45:39,EN,0,1,2,22,2,,2,6,white/asian,,2,10,3,3,3,3,2,,2,2,2,2,,2,,,,,,,,
2023-01-17 18:15:14,2023-01-17 18:17:38,2,144,0,2023-01-24 18:17:44,EN,0,2,1,,,,,,,,,,,,,,,,,,,,,,,,,,,,,
2023-01-17 18:18:09,2023-01-17 18:19:51,2,101,0,2023-01-24 18:19:59,EN,0,2,1,,,,,,,,,,,,,,,,,,,,,,,,,,,,,
2023-01-17 18:20:19,2023-01-17 18:20:37,2,18,0,2023-01-24 18:20:42,EN,0,2,1,,,,,,,,,,,,,,,,,,,,,,,,,,,,,
2023-01-18 16:09:43,2023-01-18 17:34:13,90,5070,0,2023-01-25 17:34:19,EN,0,2,1,,,,,,,,,,,,,,,,,,,,,,,,,,,,,
2023-01-26 16:10:13,2023-01-26 17:06:02,100,3348,1,2023-01-26 17:06:03,EN,0,2,1,22,1,,2,2,,,2,3,4,,,,,,,,,,,,,,,,,,,
2023-01-26 17:57:14,2023-01-26 19:41:02,100,6227,1,2023-01-26 19:41:02,EN,116,2,1,43,1,,2,2,,,2,2,5,,,,,,,,,,,,,,,,,,,
2023-01-20 14:12:00,2023-01-20 14:15:41,2,221,0,2023-01-27 14:15:47,EN,0,2,1,,,,,,,,,,,,,,,,,,,,,,,,,,,,,
2023-01-20 14:16:11,2023-01-20 14:45:17,88,1746,0,2023-01-27 14:45:19,EN,0,2,1,,,,,,,,,,,,,,,,,,,,,,,,,,,,,
2023-01-23 14:17:24,2023-01-23 15:38:16,94,4852,0,2023-01-30 15:38:22,EN,0,1,2,23,1,,2,4,,,1,,,,,,,,,,,,,,,,,,,,,
2023-01-30 13:58:34,2023-01-30 15:38:42,100,6008,1,2023-01-30 15:38:43,EN,105,1,2,22,3,,1,4,,,2,2,5,3,3,2,2,,3,2,2,2,,2,,,,,,,,
2023-01-31 15:56:41,2023-01-31 17:43:33,100,6411,1,2023-01-31 17:43:34,EN,115,2,1,29,1,,2,4,,,2,5,6,,,,,,,,,,,,,,,,,,,
2023-01-25 16:08:43,2023-01-25 17:52:56,88,6252,0,2023-02-01 17:52:58,EN,0,2,1,23,1,,2,4,,,1,,,,,,,,,,,,,,,,,,,,,
2023-02-01 17:55:51,2023-02-01 19:49:39,100,6827,1,2023-02-01 19:49:40,EN,117,2,1,25,3,,1,,,,1,2,5,,,,,,,,,,,,,,,,,,,
2023-02-02 17:54:53,2023-02-02 19:41:24,100,6391,1,2023-02-02 19:41:24,EN,118,1,1,24,1,,2,"1,4",,,1,3,5,,,,,,,,,,,,,,,,,,,
2023-01-27 14:10:01,2023-01-27 15:27:04,94,4623,0,2023-02-03 15:27:08,EN,0,1,2,20,2,,2,2,,,2,1,3,3,3,3,2,,2,2,2,2,,2,,,,,,,,
2023-02-04 16:02:36,2023-02-04 17:40:17,100,5860,1,2023-02-04 17:40:17,EN,108,1,2,30,1,,2,1,,,2,7,5,3,3,3,2,,2,2,2,2,,2,,,,,,,,
2023-01-30 15:59:20,2023-01-30 17:17:32,55,4692,0,2023-02-06 17:17:34,EN,0,2,2,23,1,,2,4,,,1,5,5,,,,,,,,,,,,,,,,,,,
2023-02-01 16:06:44,2023-02-01 17:45:34,87,5929,0,2023-02-08 17:45:42,EN,0,1,2,,,,,,,,,,,,,,,,,,,,,,,,,,,,,
2023-02-09 15:51:45,2023-02-09 17:47:20,100,6934,1,2023-02-09 17:47:20,EN,119,2,1,22,1,,2,4,,,2,4,5,,,,,,,,,,,,,,,,,,,
2023-02-11 17:56:58,2023-02-11 19:52:41,100,6942,1,2023-02-11 19:52:42,EN,120,1,1,46,2,,2,2,,,2,7,7,,,,,,,,,,,,,,,,,,,
2023-02-12 13:56:28,2023-02-12 15:58:41,100,7332,1,2023-02-12 15:58:41,EN,121,2,1,26,2,,2,2,,,2,10,5,,,,,,,,,,,,,,,,,,,
2023-02-08 16:04:16,2023-02-08 17:36:02,50,5505,0,2023-02-15 17:36:05,EN,0,1,1,99,1,,,,,,,,,,,,,,,,,,,,,,,,,,,
2023-02-15 15:54:55,2023-02-15 18:08:56,100,8040,1,2023-02-15 18:08:57,EN,122,1,1,24,2,,2,2,,,2,5,4,,,,,,,,,,,,,,,,,,,
2023-02-16 17:58:37,2023-02-16 20:22:58,100,8661,1,2023-02-16 20:22:59,EN,126,1,1,58,2,,2,6,Black/White (Creole),,2,8,5,,,,,,,,,,,,,,,,,,,
2023-02-17 13:57:57,2023-02-17 15:40:58,100,6181,1,2023-02-17 15:40:59,EN,125,1,1,44,2,,2,4,,,1,1,6,,,,,,,,,,,,,,,,,,,
2023-02-12 16:00:31,2023-02-12 16:20:13,2,1181,0,2023-02-19 16:20:15,EN,122,1,1,,,,,,,,,,,,,,,,,,,,,,,,,,,,,
2023-02-21 13:59:30,2023-02-21 15:56:08,100,6997,1,2023-02-21 15:56:08,EN,127,2,1,45,2,,2,4,,,2,1,3,,,,,,,,,,,,,,,,,,,
2023-02-22 15:54:49,2023-02-22 18:05:31,100,7842,1,2023-02-22 18:05:32,EN,113,2,2,24,1,,2,4,,,2,7,3,3,3,2,2,,1,2,1,2,,2,,,,,,,,
2023-02-22 18:06:07,2023-02-22 20:05:40,100,7173,1,2023-02-22 20:05:41,EN,128,2,1,60,1,,2,4,,,2,4,4,,,,,,,,,,,,,,,,,,,
2023-02-25 13:58:23,2023-02-25 15:47:02,100,6518,1,2023-02-25 15:47:03,EN,124,1,1,53,2,,2,4,,,2,6,5,,,,,,,,,,,,,,,,,,,
2023-02-25 15:47:43,2023-02-25 17:28:37,100,6053,1,2023-02-25 17:28:38,EN,129,2,1,31,1,,2,2,,,2,8,6,,,,,,,,,,,,,,,,,,,
2023-02-27 14:02:42,2023-02-27 15:53:14,100,6631,1,2023-02-27 15:53:14,EN,116,1,2,43,1,,2,2,,,2,2,5,3,3,3,2,,2,2,2,2,,1,3,3,3,3,3,,2,2
2023-02-27 15:57:41,2023-02-27 17:37:05,100,5963,1,2023-02-27 17:37:05,EN,131,2,1,28,1,,2,6,white & black african,,2,10,5,,,,,,,,,,,,,,,,,,,
2023-02-28 13:54:09,2023-02-28 15:45:00,100,6650,1,2023-02-28 15:45:00,EN,114,2,2,49,2,,2,4,,,2,7,6,3,3,3,2,,2,2,2,2,,2,,,,,,,,
2023-02-28 15:46:53,2023-02-28 17:41:02,100,6848,1,2023-02-28 17:41:02,EN,115,1,2,29,1,,2,4,,,2,5,6,3,3,3,2,,2,2,2,2,,2,,,,,,,,
2023-03-01 17:52:38,2023-03-01 19:45:58,100,6800,1,2023-03-01 19:45:59,EN,117,1,2,25,4,genderqueer,1,,,,1,10,5,3,3,2,2,,2,2,3,2,,2,,,,,,,,
2023-02-23 15:53:48,2023-02-23 15:54:23,2,35,0,2023-03-02 15:54:26,EN,124,1,1,,,,,,,,,,,,,,,,,,,,,,,,,,,,,
2023-03-02 16:13:49,2023-03-02 17:57:56,100,6247,1,2023-03-02 17:57:57,EN,132,1,1,34,2,,2,4,,,2,9,5,,,,,,,,,,,,,,,,,,,
2023-03-02 17:54:22,2023-03-02 20:09:53,100,8130,1,2023-03-02 20:09:54,EN,118,2,2,24,1,,2,"1,4",,,1,3,5,2,3,2,2,,2,2,2,2,,2,,,,,,,,
2023-03-03 13:55:55,2023-03-03 16:15:54,100,8398,1,2023-03-03 16:15:55,EN,123,2,1,36,2,,2,4,,,1,1,5,,,,,,,,,,,,,,,,,,,
2023-03-05 13:54:40,2023-03-05 15:50:44,100,6963,1,2023-03-05 15:50:45,EN,136,1,1,24,2,,2,2,,,2,1,5,,,,,,,,,,,,,,,,,,,
2023-03-05 15:52:24,2023-03-05 17:46:28,100,6843,1,2023-03-05 17:46:29,EN,137,2,1,20,2,,2,4,,,2,2,3,,,,,,,,,,,,,,,,,,,
2023-03-05 17:46:59,2023-03-05 19:25:37,100,5917,1,2023-03-05 19:25:37,EN,138,1,1,50,1,,2,6,latino,,1,9,5,,,,,,,,,,,,,,,,,,,
2023-03-06 17:57:24,2023-03-06 20:19:42,100,8538,1,2023-03-06 20:19:43,EN,133,2,1,21,1,,2,2,,,2,1,5,,,,,,,,,,,,,,,,,,,
2023-03-07 13:51:16,2023-03-07 15:26:38,100,5722,1,2023-03-07 15:26:39,EN,134,2,1,60,1,,2,4,,,2,8,6,,,,,,,,,,,,,,,,,,,
2023-03-07 15:32:39,2023-03-07 17:36:27,100,7428,1,2023-03-07 17:36:28,EN,135,2,1,38,1,,2,4,,,1,7,5,,,,,,,,,,,,,,,,,,,
2023-03-07 17:55:45,2023-03-07 19:35:03,100,5958,1,2023-03-07 19:35:04,EN,119,1,2,23,1,,2,4,,,2,4,5,3,3,3,2,,1,2,2,2,,2,,,,,,,,
2023-03-08 17:52:27,2023-03-08 19:48:47,100,6979,1,2023-03-08 19:48:48,EN,139,2,1,52,1,,2,2,,,2,4,6,,,,,,,,,,,,,,,,,,,
2023-03-04 13:58:08,2023-03-04 14:23:29,2,1521,0,2023-03-11 14:23:30,EN,133,2,1,,,,,,,,,,,,,,,,,,,,,,,,,,,,,
2023-03-11 13:44:38,2023-03-11 15:44:07,100,7168,1,2023-03-11 15:44:07,EN,142,2,1,22,2,,2,2,,,2,1,3,,,,,,,,,,,,,,,,,,,
2023-03-04 15:58:52,2023-03-04 17:49:24,2,6632,0,2023-03-11 17:49:26,EN,134,2,1,,,,,,,,,,,,,,,,,,,,,,,,,,,,,
2023-03-04 17:49:45,2023-03-04 18:16:37,2,1611,0,2023-03-11 18:16:44,EN,135,2,1,,,,,,,,,,,,,,,,,,,,,,,,,,,,,
2023-03-11 17:55:33,2023-03-11 19:33:43,100,5889,1,2023-03-11 19:33:43,EN,120,2,2,46,2,,2,2,,,2,7,5,3,3,3,2,,2,2,2,2,,1,3,3,3,3,3,,2,2
2023-03-12 14:02:37,2023-03-12 15:57:49,100,6911,1,2023-03-12 15:57:50,EN,121,1,2,26,2,,2,2,,,2,10,5,3,3,3,2,,2,2,2,2,,2,,,,,,,,
2023-03-12 15:59:06,2023-03-12 17:34:00,100,5694,1,2023-03-12 17:34:01,EN,122,2,2,25,2,,2,2,,,2,1,4,1,1,1,1,2,1,1,1,1,2,2,,,,,,,,
2023-03-12 17:39:47,2023-03-12 19:37:34,100,7066,1,2023-03-12 19:37:35,EN,144,1,1,42,2,,2,2,,,2,1,6,,,,,,,,,,,,,,,,,,,
2023-03-13 15:52:22,2023-03-13 17:53:49,100,7286,1,2023-03-13 17:53:50,EN,141,1,1,36,2,,2,6,Hispanic/Latino,,1,9,6,,,,,,,,,,,,,,,,,,,
2023-03-14 15:53:00,2023-03-14 17:56:38,100,7418,1,2023-03-14 17:56:39,EN,143,1,1,59,2,,2,4,,,2,8,5,,,,,,,,,,,,,,,,,,,
2023-03-14 17:59:02,2023-03-14 20:05:35,100,7592,1,2023-03-14 20:05:35,EN,145,1,1,22,1,,1,4,,,2,2,3,,,,,,,,,,,,,,,,,,,
2023-03-16 17:54:50,2023-03-16 20:00:54,100,7564,1,2023-03-16 20:00:55,EN,126,2,2,58,2,,2,"1,4",,,2,8,5,3,3,3,2,,2,2,2,2,,2,,,,,,,,
2023-03-10 13:57:51,2023-03-10 14:15:47,2,1075,0,2023-03-17 15:15:50,EN,141,1,1,,,,,,,,,,,,,,,,,,,,,,,,,,,,,
2023-03-17 13:55:58,2023-03-17 16:02:59,100,7621,1,2023-03-17 16:03:00,EN,125,2,2,44,2,,2,4,,,1,1,6,3,3,3,2,,2,2,2,2,,2,,,,,,,,
2023-03-18 13:57:39,2023-03-18 15:39:12,100,6093,1,2023-03-18 15:39:13,EN,147,1,1,21,2,,2,2,,,2,4,3,,,,,,,,,,,,,,,,,,,
2023-03-11 15:48:28,2023-03-11 15:49:02,2,33,0,2023-03-18 16:49:05,EN,143,1,1,,,,,,,,,,,,,,,,,,,,,,,,,,,,,
2023-03-18 15:47:15,2023-03-18 17:32:13,100,6297,1,2023-03-18 17:32:14,EN,127,1,2,45,2,,2,4,,,2,1,3,3,3,3,2,,2,2,2,2,,1,3,3,3,3,3,,2,2
2023-03-11 15:53:54,2023-03-11 17:55:31,2,7297,0,2023-03-18 18:55:33,EN,143,1,1,,,,,,,,,,,,,,,,,,,,,,,,,,,,,
2023-03-18 17:33:45,2023-03-18 19:52:40,100,8334,1,2023-03-18 19:52:40,EN,128,1,2,61,1,,2,4,,,2,4,3,3,1,3,2,,2,2,2,2,,2,,,,,,,,
2023-03-12 13:59:36,2023-03-12 14:02:21,2,165,0,2023-03-19 14:02:25,EN,121,1,2,,,,,,,,,,,,,,,,,,,,,,,,,,,,,
2023-03-20 13:57:14,2023-03-20 15:48:33,100,6678,1,2023-03-20 15:48:34,EN,124,2,2,53,2,,2,4,,,2,6,5,3,3,3,2,,2,2,2,2,,1,3,3,3,3,2,2,2,2
2023-03-20 17:48:45,2023-03-20 19:28:17,100,5972,1,2023-03-20 19:28:18,EN,129,1,2,31,1,,2,2,,,2,8,6,3,3,3,2,,2,2,2,2,,2,,,,,,,,
2023-03-15 15:55:06,2023-03-15 15:56:19,2,72,0,2023-03-22 15:56:21,EN,146,2,1,,,,,,,,,,,,,,,,,,,,,,,,,,,,,
2023-03-23 15:47:23,2023-03-23 17:20:44,100,5600,1,2023-03-23 17:20:45,EN,131,1,2,28,1,,2,6,white & black african,,2,10,5,3,3,3,2,,2,2,2,2,,2,,,,,,,,
2023-04-03 13:49:44,2023-04-03 15:46:48,100,7023,1,2023-04-03 15:46:49,EN,123,1,2,36,2,,2,4,,,1,10,5,3,3,2,2,,2,2,2,2,,2,,,,,,,,
2023-04-03 15:55:42,2023-04-03 17:35:31,100,5988,1,2023-04-03 17:35:31,EN,136,2,2,24,2,,2,2,,,2,1,5,3,3,3,2,,2,2,2,2,,2,,,,,,,,
2023-04-03 18:00:41,2023-04-03 19:45:28,100,6287,1,2023-04-03 19:45:29,EN,132,2,2,35,2,,2,4,,,2,8,5,3,3,3,2,,2,2,2,2,,1,3,3,3,3,3,,2,2
2023-04-06 14:00:44,2023-04-06 15:27:22,100,5198,1,2023-04-06 15:27:23,EN,134,1,2,60,1,,2,4,,,2,8,6,2,3,2,2,,1,2,2,2,,2,,,,,,,,
2023-04-06 15:55:50,2023-04-06 17:49:19,100,6809,1,2023-04-06 17:49:20,EN,133,1,2,21,1,,2,2,,,2,2,5,3,3,3,2,,3,2,3,2,,2,,,,,,,,
2023-04-06 17:49:35,2023-04-06 19:29:52,100,6017,1,2023-04-06 19:29:53,EN,135,1,2,38,1,,2,4,,,1,7,5,3,3,3,2,,2,2,2,2,,2,,,,,,,,
2023-04-08 15:47:25,2023-04-08 17:37:33,100,6607,1,2023-04-08 17:37:34,EN,137,1,2,20,2,,2,4,,,2,2,3,3,3,2,2,,2,2,1,2,,2,,,,,,,,
2023-04-09 13:56:21,2023-04-09 15:38:01,100,6099,1,2023-04-09 15:38:02,EN,142,1,2,22,2,,2,2,,,2,1,3,3,3,2,2,,1,2,2,2,,2,,,,,,,,
2023-04-09 15:38:37,2023-04-09 17:27:09,100,6512,1,2023-04-09 17:27:10,EN,139,1,2,52,1,,2,2,,,2,4,6,3,3,2,2,,2,2,2,2,,2,,,,,,,,
2023-04-09 17:27:40,2023-04-09 19:35:26,100,7666,1,2023-04-09 19:35:27,EN,140,2,1,37,1,,2,1,,,2,8,5,,,,,,,,,,,,,,,,,,,
2023-04-10 14:01:46,2023-04-10 15:44:01,100,6134,1,2023-04-10 15:44:01,EN,141,2,2,36,2,,2,6,Hispanic,,1,9,6,3,3,3,2,,2,2,2,2,,2,,,,,,,,
2023-04-12 13:48:00,2023-04-12 15:43:28,100,6928,1,2023-04-12 15:43:30,EN,130,1,1,39,2,,2,7,,Hispanic,1,7,4,,,,,,,,,,,,,,,,,,,
2023-04-12 15:54:06,2023-04-12 17:41:03,100,6416,1,2023-04-12 17:41:04,EN,143,2,2,60,2,,2,4,,,2,8,5,3,3,3,2,,2,2,2,2,,2,,,,,,,,
2023-04-12 17:57:36,2023-04-12 19:29:37,100,5520,1,2023-04-12 19:29:40,EN,150,1,1,25,2,,2,"1,2",,,2,5,5,,,,,,,,,,,,,,,,,,,
2023-04-13 15:57:14,2023-04-13 17:34:08,100,5814,1,2023-04-13 17:34:09,EN,151,1,1,28,1,,2,4,,,1,2,5,,,,,,,,,,,,,,,,,,,
2023-04-13 18:39:01,2023-04-13 20:36:44,100,7063,1,2023-04-13 20:36:45,EN,145,2,2,22,1,,1,4,,,2,2,3,2,3,2,1,2,2,1,2,2,,2,,,,,,,,
2023-04-08 13:55:44,2023-04-08 13:56:46,2,61,0,2023-04-15 13:56:47,EN,138,2,2,,,,,,,,,,,,,,,,,,,,,,,,,,,,,
2023-04-08 13:56:54,2023-04-08 15:47:20,2,6625,0,2023-04-15 15:47:21,EN,138,2,2,,,,,,,,,,,,,,,,,,,,,,,,,,,,,
2023-04-15 17:53:37,2023-04-15 19:26:31,100,5574,1,2023-04-15 19:26:32,EN,148,2,1,24,1,,2,4,,,1,8,5,,,,,,,,,,,,,,,,,,,
2023-04-16 16:00:05,2023-04-16 17:34:07,100,5642,1,2023-04-16 17:34:08,EN,149,1,1,27,1,,2,2,,,2,6,5,,,,,,,,,,,,,,,,,,,
2023-04-16 17:47:35,2023-04-16 19:39:45,100,6729,1,2023-04-16 19:39:50,EN,144,2,2,42,2,,2,2,,,2,1,6,3,3,3,2,,2,2,2,2,,1,3,3,3,3,3,,2,2
2023-04-17 13:57:54,2023-04-17 15:36:31,100,5916,1,2023-04-17 15:36:31,EN,147,2,2,21,2,,2,2,,,2,3,3,3,3,4,2,,2,2,2,2,,2,,,,,,,,
2023-04-10 15:52:27,2023-04-10 16:16:43,2,1456,0,2023-04-17 16:16:51,EN,146,2,1,,,,,,,,,,,,,,,,,,,,,,,,,,,,,
2023-04-17 17:50:02,2023-04-17 20:01:37,100,7894,1,2023-04-17 20:01:38,EN,152,1,1,66,2,,2,4,,,1,5,7,,,,,,,,,,,,,,,,,,,
2023-04-12 10:17:27,2023-04-12 11:32:53,97,4525,0,2023-04-19 11:32:56,EN,0,1,2,,,,,,,,,,,,,,,,,,,,,,,,,,,,,
2023-04-19 10:08:03,2023-04-19 11:42:18,100,5654,1,2023-04-19 11:42:19,EN,0,2,1,na,2,,2,,,,,,,,,,,,,,,,,,,,,,,,,
2023-04-19 13:55:13,2023-04-19 15:35:28,100,6015,1,2023-04-19 15:35:29,EN,153,1,1,32 years old,2,,2,4,,,1,7,6,,,,,,,,,,,,,,,,,,,
2023-04-12 19:36:42,2023-04-12 20:02:46,38,1563,0,2023-04-19 20:03:00,EN,400,2,1,,,,,,,,,,,,,,,,,,,,,,,,,,,,,
2023-04-20 14:05:13,2023-04-20 16:18:50,100,8016,1,2023-04-20 16:18:51,EN,154,1,1,68,1,,2,4,,,2,3,6,,,,,,,,,,,,,,,,,,,
2023-04-13 17:50:48,2023-04-13 18:22:18,2,1889,0,2023-04-20 18:22:19,EN,145,2,2,,,,,,,,,,,,,,,,,,,,,,,,,,,,,
2023-04-14 16:16:09,2023-04-14 17:33:20,50,4630,0,2023-04-21 17:33:26,EN,400,2,1,,,,,,,,,,,,,,,,,,,,,,,,,,,,,
2023-04-16 17:36:16,2023-04-16 17:47:14,2,658,0,2023-04-23 17:47:16,EN,144,2,2,,,,,,,,,,,,,,,,,,,,,,,,,,,,,
2023-04-23 15:52:05,2023-04-23 17:51:10,100,7145,1,2023-04-23 17:51:11,EN,166,1,1,38,2,,2,1,,,2,8,6,,,,,,,,,,,,,,,,,,,
2023-04-23 17:52:32,2023-04-23 19:40:32,100,6479,1,2023-04-23 19:40:33,EN,156,1,1,28,2,,2,"4,6",white/black/indigenous ,,1,7,5,,,,,,,,,,,,,,,,,,,
2023-04-17 14:17:20,2023-04-17 14:48:09,40,1849,0,2023-04-24 14:48:13,EN,0,1,2,,,,,,,,,,,,,,,,,,,,,,,,,,,,,
2023-04-17 14:54:58,2023-04-17 15:23:34,97,1716,0,2023-04-24 15:23:37,EN,0,1,2,,,,,,,,,,,,,,,,,,,,,,,,,,,,,
2023-04-24 13:57:25,2023-04-24 15:45:33,100,6487,1,2023-04-24 15:45:34,EN,157,2,1,43,2,,2,1,,,2,7,3,,,,,,,,,,,,,,,,,,,
2023-04-24 15:53:03,2023-04-24 17:52:50,100,7187,1,2023-04-24 17:52:51,EN,158,2,1,23,2,,2,4,,,2,2,5,,,,,,,,,,,,,,,,,,,
2023-04-25 14:00:50,2023-04-25 15:24:59,100,5049,1,2023-04-25 15:25:00,EN,167,1,1,32,1,,2,1,,,2,1,3,,,,,,,,,,,,,,,,,,,
2023-04-25 15:59:00,2023-04-25 17:20:32,100,4891,1,2023-04-25 17:20:33,EN,159,1,1,23,2,,2,4,,,2,5,5,,,,,,,,,,,,,,,,,,,
2023-04-25 17:44:01,2023-04-25 19:32:54,100,6532,1,2023-04-25 19:32:54,EN,160,1,1,26,2,,2,4,,,2,7,4,,,,,,,,,,,,,,,,,,,
2023-04-19 19:33:17,2023-04-19 19:34:39,2,81,0,2023-04-26 19:34:44,EN,122,2,2,,,,,,,,,,,,,,,,,,,,,,,,,,,,,
2023-04-19 19:34:49,2023-04-19 19:52:14,42,1044,0,2023-04-26 19:52:17,EN,0,2,1,,,,,,,,,,,,,,,,,,,,,,,,,,,,,
2023-04-27 17:40:47,2023-04-27 19:46:57,100,7569,1,2023-04-27 19:46:58,EN,163,2,1,38,2,,2,4,,,1,9,7,,,,,,,,,,,,,,,,,,,
2023-04-21 16:03:06,2023-04-21 17:43:52,88,6045,0,2023-04-28 17:43:53,EN,0,1,1,,,,,,,,,,,,,,,,,,,,,,,,,,,,,
2023-04-28 18:38:01,2023-04-28 19:47:54,100,4192,1,2023-04-28 19:47:55,EN,0,1,1,,,,,,,,,,,,,,,,,,,,,,,,,,,,,
2023-04-24 14:09:02,2023-04-24 14:27:06,38,1084,0,2023-05-01 14:27:11,EN,0,2,2,12,,,,,,,,,,,,,,,,,,,,,,,,,,,,
2023-04-24 14:47:05,2023-04-24 15:18:08,88,1863,0,2023-05-01 15:18:09,EN,0,2,2,,,,,,,,,,,,,,,,,,,,,,,,,,,,,
2023-05-02 15:56:59,2023-05-02 17:11:56,100,4497,1,2023-05-02 17:11:57,EN,155,1,1,35,2,,2,4,,,2,7,7,,,,,,,,,,,,,,,,,,,
2023-05-02 17:59:44,2023-05-02 19:41:15,100,6091,1,2023-05-02 19:41:16,EN,161,1,1,24,1,,2,1,,,2,5,5,,,,,,,,,,,,,,,,,,,
2023-05-03 13:55:47,2023-05-03 15:21:52,100,5165,1,2023-05-03 15:21:53,EN,162,1,1,54,1,,2,4,,,2,9,5,,,,,,,,,,,,,,,,,,,
2023-05-04 13:53:53,2023-05-04 15:40:53,100,6420,1,2023-05-04 15:40:54,EN,165,2,1,48,1,,2,"1,4,6","Multiracial (Black, White, Latino)",,1,6,2,,,,,,,,,,,,,,,,,,,
2023-05-04 15:53:48,2023-05-04 17:42:48,100,6540,1,2023-05-04 17:42:49,EN,173,2,1,31,2,,2,3,,,1,6,4,,,,,,,,,,,,,,,,,,,
2023-05-04 17:48:10,2023-05-04 19:49:38,100,7288,1,2023-05-04 19:49:39,EN,169,2,1,27,1,,2,1,,,2,8,6,,,,,,,,,,,,,,,,,,,
2023-04-28 16:08:11,2023-04-28 16:22:37,42,865,0,2023-05-05 16:22:41,EN,0,1,2,,,,,,,,,,,,,,,,,,,,,,,,,,,,,
2023-04-28 19:48:28,2023-04-28 20:25:09,38,2201,0,2023-05-05 20:25:11,EN,400,2,2,,,,,,,,,,,,,,,,,,,,,,,,,,,,,
2023-04-29 13:50:42,2023-04-29 13:51:46,2,63,0,2023-05-06 13:51:51,EN,164,2,1,,,,,,,,,,,,,,,,,,,,,,,,,,,,,
2023-05-06 13:49:10,2023-05-06 15:32:45,100,6215,1,2023-05-06 15:32:46,EN,138,2,2,50,1,,2,6,hispanic,,1,9,5,3,3,3,2,,2,2,2,2,,2,,,,,,,,
2023-04-29 15:49:29,2023-04-29 15:50:03,2,34,0,2023-05-06 15:50:04,EN,170,2,1,,,,,,,,,,,,,,,,,,,,,,,,,,,,,
2023-05-06 15:35:43,2023-05-06 17:27:20,100,6696,1,2023-05-06 17:27:21,EN,170,2,1,39,1,,2,2,,,2,5,6,,,,,,,,,,,,,,,,,,,
2023-04-30 13:51:50,2023-04-30 13:52:02,2,12,0,2023-05-07 13:52:04,EN,171,2,1,,,,,,,,,,,,,,,,,,,,,,,,,,,,,
2023-05-07 13:53:20,2023-05-07 16:02:30,100,7750,1,2023-05-07 16:02:31,EN,172,2,1,55,2,,2,4,,,2,8,5,,,,,,,,,,,,,,,,,,,
2023-04-30 15:54:41,2023-04-30 17:48:33,2,6831,0,2023-05-07 17:48:40,EN,172,2,1,,,,,,,,,,,,,,,,,,,,,,,,,,,,,
2023-05-07 16:03:35,2023-05-07 18:00:15,100,6999,1,2023-05-07 18:00:15,EN,174,2,1,30,2,,2,4,,,2,4,3,,,,,,,,,,,,,,,,,,,
2023-04-30 17:48:35,2023-04-30 18:17:54,2,1759,0,2023-05-07 18:17:55,EN,173,2,1,,,,,,,,,,,,,,,,,,,,,,,,,,,,,
2023-05-08 13:59:47,2023-05-08 15:39:13,100,5965,1,2023-05-08 15:39:14,EN,176,1,1,58,2,,2,6,"puertro rican, white, native american",,1,6,4,,,,,,,,,,,,,,,,,,,
2023-05-08 15:48:47,2023-05-08 17:37:10,100,6503,1,2023-05-08 17:37:11,EN,177,2,1,28,1,,2,2,,,2,7,5,,,,,,,,,,,,,,,,,,,
2023-05-02 14:09:34,2023-05-02 15:15:12,50,3937,0,2023-05-09 15:15:13,EN,0,1,1,99,1,,2,7,,,1,,,,,,,,,,,,,,,,,,,,,
2023-05-09 15:56:51,2023-05-09 17:56:05,100,7153,1,2023-05-09 17:56:06,EN,180,2,1,60,1,,2,4,,,2,4,3,,,,,,,,,,,,,,,,,,,
2023-05-02 18:02:33,2023-05-02 19:19:20,50,4606,0,2023-05-09 19:19:22,EN,0,2,1,99,1,,2,7,,,1,,,,,,,,,,,,,,,,,,,,,
2023-05-10 17:48:05,2023-05-10 19:12:43,100,5077,1,2023-05-10 19:12:44,EN,148,1,2,24,1,,2,4,,,1,8,5,2,2,2,1,3,1,1,1,1,3,2,,,,,,,,
2023-05-11 13:56:39,2023-05-11 15:45:50,100,6550,1,2023-05-11 15:45:51,EN,151,2,2,28,1,,2,4,,,1,2,5,3,3,2,2,,2,2,2,2,,1,3,3,3,3,3,,2,2
2023-05-11 17:47:55,2023-05-11 19:33:12,100,6317,1,2023-05-11 19:33:13,EN,140,1,2,37,1,,2,1,,,2,8,5,3,3,3,2,,2,2,2,2,,2,,,,,,,,
2023-05-04 17:58:20,2023-05-04 20:18:29,50,8409,0,2023-05-11 20:18:37,EN,0,1,1,99,1,,2,7,,,1,,,,,,,,,,,,,,,,,,,,,
2023-05-15 13:48:14,2023-05-15 15:48:08,100,7194,1,2023-05-15 15:48:09,EN,130,2,2,39,2,,2,6,Hispanic,,1,7,4,2,2,2,1,3,1,1,2,2,,2,,,,,,,,
2023-05-08 17:58:50,2023-05-08 18:22:03,2,1392,0,2023-05-15 18:22:05,EN,178,1,1,,,,,,,,,,,,,,,,,,,,,,,,,,,,,
2023-05-15 17:51:29,2023-05-15 19:50:02,100,7112,1,2023-05-15 19:50:03,EN,150,2,2,25,2,,2,"1,2",,,2,6,5,2,2,1,1,2,1,1,1,1,2,2,,,,,,,,
2023-05-16 13:55:04,2023-05-16 15:44:43,100,6578,1,2023-05-16 15:44:43,EN,149,2,2,27,1,,2,2,,,2,1,5,3,3,3,2,,2,2,2,2,,2,,,,,,,,
2023-05-16 15:54:12,2023-05-16 18:08:53,100,8080,1,2023-05-16 18:08:54,EN,146,2,1,53,2,,2,1,,,2,7,4,,,,,,,,,,,,,,,,,,,
2023-05-16 18:09:13,2023-05-16 20:04:32,100,6918,1,2023-05-16 20:04:33,EN,152,2,2,61,2,,2,4,,,1,4,7,3,3,3,2,,2,2,3,2,,2,,,,,,,,
2023-05-17 13:36:37,2023-05-17 15:44:21,100,7663,1,2023-05-17 15:44:21,EN,153,2,2,32,2,,2,4,,,1,7,6,3,3,2,2,,2,2,2,2,,2,,,,,,,,
2023-05-17 15:44:37,2023-05-17 17:43:16,100,7118,1,2023-05-17 17:43:16,EN,164,2,1,35,2,,2,4,,,2,5,5,,,,,,,,,,,,,,,,,,,
2023-05-17 17:56:21,2023-05-17 19:43:51,100,6450,1,2023-05-17 19:43:52,EN,171,2,1,24,2,,2,1,,,2,8,6,,,,,,,,,,,,,,,,,,,
2023-05-20 13:53:43,2023-05-20 15:30:51,100,5828,1,2023-05-20 15:30:52,EN,181,2,1,29,1,,2,4,,,1,8,5,,,,,,,,,,,,,,,,,,,
2023-05-20 15:31:39,2023-05-20 17:32:16,100,7236,1,2023-05-20 17:32:17,EN,182,1,1,31,1,,2,2,,,2,2,5,,,,,,,,,,,,,,,,,,,
2023-05-21 13:57:18,2023-05-21 15:27:21,100,5402,1,2023-05-21 15:42:27,EN,166,2,2,38,2,,2,1,,,2,7,6,3,3,3,2,,2,2,2,2,,1,3,3,3,3,3,,2,2
2023-05-21 17:53:29,2023-05-21 19:28:04,100,5674,1,2023-05-21 19:28:05,EN,156,2,2,28,2,,2,6,"latinx, white, indigenous",,1,6,5,1,2,2,1,2,1,2,1,2,,2,,,,,,,,
2023-05-15 13:47:03,2023-05-15 13:47:54,2,51,0,2023-05-22 13:47:58,EN,130,2,2,,,,,,,,,,,,,,,,,,,,,,,,,,,,,
2023-05-22 13:57:55,2023-05-22 15:20:25,100,4949,1,2023-05-22 15:20:25,EN,157,1,2,43,2,,2,1,,,2,7,3,3,3,3,2,,2,2,2,2,,2,,,,,,,,
2023-05-15 15:54:47,2023-05-15 15:55:19,2,31,0,2023-05-22 15:55:22,EN,152,2,2,,,,,,,,,,,,,,,,,,,,,,,,,,,,,
2023-05-22 17:59:24,2023-05-22 19:52:00,100,6756,1,2023-05-22 19:52:01,EN,183,1,1,27,2,,2,4,,,2,6,5,,,,,,,,,,,,,,,,,,,
2023-05-23 13:58:44,2023-05-23 15:26:10,100,5245,1,2023-05-23 15:26:11,EN,167,2,2,32,1,,2,1,,,2,1,3,4,4,4,2,,2,2,2,2,,2,,,,,,,,
2023-05-23 16:02:45,2023-05-23 17:44:11,100,6085,1,2023-05-23 17:44:12,EN,159,2,2,23,2,,2,4,,,2,5,5,3,3,3,2,,2,2,2,2,,2,,,,,,,,
2023-05-23 17:56:18,2023-05-23 19:31:24,100,5706,1,2023-05-23 19:31:25,EN,160,2,2,26,2,,2,4,,,2,7,4,3,3,2,2,,2,2,2,2,,2,,,,,,,,
2023-05-24 13:56:36,2023-05-24 16:07:28,100,7851,1,2023-05-24 16:07:29,EN,154,2,2,68,1,,2,4,,,2,1,6,2,2,2,2,,2,2,2,2,,2,,,,,,,,
2023-05-24 17:56:11,2023-05-24 19:41:27,100,6315,1,2023-05-24 19:41:28,EN,163,1,2,38,2,,2,4,,,1,9,7,3,3,3,2,,2,2,2,2,,2,,,,,,,,
2023-05-25 13:53:16,2023-05-25 15:52:23,100,7146,1,2023-05-25 15:52:23,EN,184,1,1,52,2,,2,,,,1,8,6,,,,,,,,,,,,,,,,,,,
2023-05-30 14:20:21,2023-05-30 15:03:53,100,2611,1,2023-05-30 15:03:54,EN,0,2,1,,,,,,,,,,,,,,,,,,,,,,,,,,,,,
2023-05-30 15:05:48,2023-05-30 15:22:38,100,1010,1,2023-05-30 15:22:39,EN,0,1,2,,,,,,,,,,,,,,,,,,,,,,,,,,,,,
2023-05-30 15:29:39,2023-05-30 15:57:25,100,1665,1,2023-05-30 15:57:25,EN,0,2,1,,,,,,,,,,,,,,,,,,,,,,,,,,,,,
2023-05-30 13:57:51,2023-05-30 16:00:42,100,7370,1,2023-05-30 16:00:43,EN,185,1,1,42,2,,2,3,,,1,9,6,,,,,,,,,,,,,,,,,,,
2023-06-01 14:28:33,2023-06-01 16:23:50,100,6916,1,2023-06-01 16:23:50,EN,0,2,1,,,,,,,,,,,,,,,,,,,,,,,,,,,,,
2023-05-26 15:09:27,2023-05-26 15:50:44,94,2477,0,2023-06-02 15:50:46,EN,0,1,1,,,,,,,,,,,,,,,,,,,,,,,,,,,,,
2023-06-02 16:06:20,2023-06-02 17:06:07,100,3586,1,2023-06-02 17:06:07,EN,0,2,2,,,,,,,,,,,4,,,,,,,,,,,,,,,,,,
2023-05-26 17:32:03,2023-05-26 18:00:08,41,1684,0,2023-06-02 18:00:14,EN,0,1,1,,,,,,,,,,,,,,,,,,,,,,,,,,,,,
2023-06-03 13:38:16,2023-06-03 15:46:23,100,7687,1,2023-06-03 15:46:24,EN,172,1,2,55,2,,2,4,,,2,8,5,2,3,3,1,2,1,2,2,2,,2,,,,,,,,
2023-06-05 13:43:46,2023-06-05 15:39:49,100,6963,1,2023-06-05 15:39:50,EN,162,2,2,54,1,,2,4,,,2,9,5,3,3,3,2,,2,2,2,2,,2,,,,,,,,
2023-06-05 15:53:30,2023-06-05 17:25:51,100,5541,1,2023-06-05 17:25:52,EN,165,1,2,48,1,,2,"1,4,6","Multiracial- Black, White, Latino",,1,6,2,2,2,1,2,,3,3,2,2,,2,,,,,,,,
2023-06-05 17:58:58,2023-06-05 20:14:44,100,8145,1,2023-06-05 20:14:45,EN,161,2,2,24,1,,2,1,,,2,5,5,3,3,2,2,,2,2,2,2,,2,,,,,,,,
2023-06-06 14:07:34,2023-06-06 15:05:56,100,3501,1,2023-06-06 15:05:56,EN,0,2,2,,,,,,,,,,,,,,,,,,,,,,,,,,,,,
2023-06-06 17:56:30,2023-06-06 19:42:16,100,6346,1,2023-06-06 19:42:16,EN,169,1,2,27,1,,2,1,,,2,8,6,3,3,3,2,,2,2,2,2,,2,,,,,,,,
2023-06-07 13:45:31,2023-06-07 15:32:05,100,6393,1,2023-06-07 15:32:05,EN,170,1,2,39,1,,2,2,,,2,4,6,3,3,2,2,,1,1,2,2,,2,,,,,,,,
2023-06-07 15:52:27,2023-06-07 17:41:44,100,6556,1,2023-06-07 17:41:45,EN,180,1,2,61,1,,2,4,,,2,5,3,2,3,2,2,,1,1,2,2,,2,,,,,,,,
2023-05-31 18:12:26,2023-05-31 18:14:35,2,129,0,2023-06-07 18:14:37,EN,0,1,1,,,,,,,,,,,,,,,,,,,,,,,,,,,,,
2023-05-31 18:15:22,2023-05-31 19:18:38,88,3795,0,2023-06-07 19:18:40,EN,0,1,1,,,,,,,,,,,,,,,,,,,,,,,,,,,,,
2023-06-08 14:01:28,2023-06-08 15:49:56,100,6507,1,2023-06-08 15:49:57,EN,176,2,2,58,2,,2,"4,6",latinx,,1,4,4,3,3,3,2,,2,2,2,2,,2,,,,,,,,
2023-06-08 16:27:53,2023-06-08 18:15:55,100,6481,1,2023-06-08 18:15:56,EN,173,1,2,31,2,,2,3,,,1,8,4,3,3,3,2,,2,2,2,2,,2,,,,,,,,
2023-06-02 14:21:12,2023-06-02 15:48:16,88,5223,0,2023-06-09 15:48:22,EN,0,1,1,,,,,,,,,,,,,,,,,,,,,,,,,,,,,
2023-06-09 16:08:40,2023-06-09 16:35:52,100,1632,1,2023-06-09 16:35:53,EN,0,1,2,,,,,,,,,,,,,,,,,,,,,,,,,,,,,
2023-06-10 16:02:17,2023-06-10 18:00:11,100,7073,1,2023-06-10 18:00:11,EN,177,1,2,29,1,,2,2,,,2,7,5,2,3,2,1,3,1,1,1,2,,2,,,,,,,,
2023-06-04 15:58:10,2023-06-04 16:17:04,2,1134,0,2023-06-11 16:17:05,EN,172,1,2,,,,,,,,,,,,,,,,,,,,,,,,,,,,,
2023-06-11 15:58:28,2023-06-11 18:04:12,100,7544,1,2023-06-11 18:04:13,EN,174,1,2,30,2,,2,4,,,2,3,3,2,2,1,1,1,1,1,2,2,,2,,,,,,,,
2023-06-05 11:47:57,2023-06-05 11:49:13,2,75,0,2023-06-12 11:49:16,EN,0,1,1,,,,,,,,,,,,,,,,,,,,,,,,,,,,,
2023-06-06 14:00:11,2023-06-06 14:19:10,2,1139,0,2023-06-13 14:19:16,EN,175,2,1,,,,,,,,,,,,,,,,,,,,,,,,,,,,,
2023-06-13 17:58:04,2023-06-13 19:43:35,100,6331,1,2023-06-13 19:43:36,EN,171,1,2,24,2,,2,1,,,2,8,6,3,3,3,2,,2,2,2,2,,2,,,,,,,,
2023-06-14 15:55:59,2023-06-14 17:30:50,100,5690,1,2023-06-14 17:30:51,EN,164,1,2,36,2,,2,4,,,2,5,5,3,3,2,2,,2,2,2,2,,2,,,,,,,,
2023-06-07 18:13:45,2023-06-07 19:36:41,97,4976,0,2023-06-14 19:36:45,EN,0,2,2,21,2,,2,2,,,1,1,3,,,,,,,,,,,,,,,,,,,
2023-06-15 15:58:51,2023-06-15 17:54:23,100,6932,1,2023-06-15 17:54:24,EN,146,1,2,53,2,,2,1,,,2,7,4,2,2,2,2,,2,2,2,2,,2,,,,,,,,
2023-06-15 18:06:05,2023-06-15 20:02:50,100,7004,1,2023-06-15 20:02:50,EN,181,1,2,29,1,,2,4,,,1,8,5,3,2,2,2,,2,2,2,2,,2,,,,,,,,
2023-06-10 15:55:18,2023-06-10 16:02:12,2,413,0,2023-06-17 16:02:14,EN,177,1,2,,,,,,,,,,,,,,,,,,,,,,,,,,,,,